sample,host_total_ms,stage,start_ms,end_ms,duration_ms
0,1.490416,activation_d2h,0.0,0.0272000003606081,0.0272000003606081
0,1.490416,cpu,0.405171,0.881525,0.476354
0,1.490416,gpu_resident,0.0,0.49459201097488403,0.49459201097488403
0,1.490416,gpu_h2d,0.0,0.37363201379776,0.37363201379776
0,1.490416,gpu_dequant,0.37363201379776,0.4546560049057007,0.08102399110794067
0,1.490416,gpu_promoted,0.49459201097488403,0.5713919997215271,0.07679998874664307
0,1.490416,cpu_return_merge,1.0598399937152863,1.3660160303115845,0.3061760365962982
1,1.257194,activation_d2h,0.0,0.029152000322937965,0.029152000322937965
1,1.257194,cpu,0.391368,1.06924,0.677872
1,1.257194,gpu_resident,0.0,0.4914880096912384,0.4914880096912384
1,1.257194,gpu_h2d,0.0,0.37363201379776,0.37363201379776
1,1.257194,gpu_dequant,0.37363201379776,0.4781759977340698,0.10454398393630981
1,1.257194,gpu_promoted,0.4914880096912384,0.5754560232162476,0.08396801352500916
1,1.257194,cpu_return_merge,1.0536640286445618,1.0949440002441406,0.04127997159957886
2,1.273283,activation_d2h,0.0,0.023584000766277313,0.023584000766277313
2,1.273283,cpu,0.275119,0.731443,0.45632399999999995
2,1.273283,gpu_resident,0.0,0.47177600860595703,0.47177600860595703
2,1.273283,gpu_h2d,0.0,0.37404799461364746,0.37404799461364746
2,1.273283,gpu_dequant,0.37404799461364746,0.4461759924888611,0.07212799787521362
2,1.273283,gpu_promoted,0.47177600860595703,0.5987520217895508,0.12697601318359375
2,1.273283,cpu_return_merge,0.6909440234303474,0.9940159916877747,0.3030719682574272
3,1.11903,activation_d2h,0.0,0.029055999591946602,0.029055999591946602
3,1.11903,cpu,0.433227,0.930532,0.49730500000000005
3,1.11903,gpu_resident,0.0,0.4553920030593872,0.4553920030593872
3,1.11903,gpu_h2d,0.0,0.3731200098991394,0.3731200098991394
3,1.11903,gpu_dequant,0.3731200098991394,0.4768959879875183,0.1037759780883789
3,1.11903,gpu_promoted,0.4768959879875183,0.5385599732398987,0.06166398525238037
3,1.11903,cpu_return_merge,0.9510079622268677,1.009376049041748,0.05836808681488037
4,1.042026,activation_d2h,0.0,0.024512000381946564,0.024512000381946564
4,1.042026,cpu,0.437179,0.86932,0.432141
4,1.042026,gpu_resident,0.0,0.4618239998817444,0.4618239998817444
4,1.042026,gpu_h2d,0.0,0.3655039966106415,0.3655039966106415
4,1.042026,gpu_dequant,0.3655039966106415,0.43827199935913086,0.07276800274848938
4,1.042026,gpu_promoted,0.4618239998817444,0.562175989151001,0.10035198926925659
4,1.042026,cpu_return_merge,0.8908799886703491,0.9392319917678833,0.04835200309753418
5,1.010302,activation_d2h,0.0,0.02051199972629547,0.02051199972629547
5,1.010302,cpu,0.274031,0.738957,0.46492599999999995
5,1.010302,gpu_resident,0.0,0.4713599979877472,0.4713599979877472
5,1.010302,gpu_h2d,0.0,0.35945600271224976,0.35945600271224976
5,1.010302,gpu_dequant,0.35945600271224976,0.4402239918708801,0.08076798915863037
5,1.010302,gpu_promoted,0.4713599979877472,0.5620800256729126,0.0907200276851654
5,1.010302,cpu_return_merge,0.8378240168094635,0.8928319811820984,0.05500796437263489
6,1.278584,activation_d2h,0.0,0.02969600073993206,0.02969600073993206
6,1.278584,cpu,0.443625,1.065638,0.6220130000000001
6,1.278584,gpu_resident,0.0,0.5130239725112915,0.5130239725112915
6,1.278584,gpu_h2d,0.0,0.3789440095424652,0.3789440095424652
6,1.278584,gpu_dequant,0.3789440095424652,0.45260798931121826,0.07366397976875305
6,1.278584,gpu_promoted,0.5130239725112915,0.6164479851722717,0.10342401266098022
6,1.278584,cpu_return_merge,1.0723199844360352,1.1489280462265015,0.07660806179046631
7,1.143211,activation_d2h,0.0,0.0578560009598732,0.0578560009598732
7,1.143211,cpu,0.427386,0.872535,0.44514899999999996
7,1.143211,gpu_resident,0.0,0.48844799399375916,0.48844799399375916
7,1.143211,gpu_h2d,0.0,0.42665600776672363,0.42665600776672363
7,1.143211,gpu_dequant,0.42665600776672363,0.5038080215454102,0.07715201377868652
7,1.143211,gpu_promoted,0.5038080215454102,0.6307839751243591,0.12697595357894897
7,1.143211,cpu_return_merge,0.9011199772357941,0.9738240242004395,0.07270404696464539
8,0.977564,activation_d2h,0.0,0.03494400158524513,0.03494400158524513
8,0.977564,cpu,0.396531,0.786953,0.390422
8,0.977564,gpu_resident,0.0,0.4833280146121979,0.4833280146121979
8,0.977564,gpu_h2d,0.0,0.37436801195144653,0.37436801195144653
8,0.977564,gpu_dequant,0.37436801195144653,0.45977601408958435,0.08540800213813782
8,0.977564,gpu_promoted,0.4833280146121979,0.5713919997215271,0.08806398510932922
8,0.977564,cpu_return_merge,0.7987200021743774,0.8350080251693726,0.03628802299499512
9,1.279365,activation_d2h,0.0,0.025728000327944756,0.025728000327944756
9,1.279365,cpu,0.436974,0.94123,0.504256
9,1.279365,gpu_resident,0.0,0.766975998878479,0.766975998878479
9,1.279365,gpu_h2d,0.0,0.37350401282310486,0.37350401282310486
9,1.279365,gpu_dequant,0.37350401282310486,0.5160959959030151,0.14259198307991028
9,1.279365,gpu_promoted,0.766975998878479,0.8407040238380432,0.07372802495956421
9,1.279365,cpu_return_merge,0.9809920191764832,1.0393600463867188,0.058368027210235596
10,1.195489,activation_d2h,0.0,0.026464000344276428,0.026464000344276428
10,1.195489,cpu,0.426433,1.009423,0.5829899999999999
10,1.195489,gpu_resident,0.0,0.3317759931087494,0.3317759931087494
10,1.195489,gpu_h2d,0.0,0.3598720133304596,0.3598720133304596
10,1.195489,gpu_dequant,0.3598720133304596,0.44543999433517456,0.08556798100471497
10,1.195489,gpu_promoted,0.44543999433517456,0.5212159752845764,0.07577598094940186
10,1.195489,cpu_return_merge,1.0270719528198242,1.0864640474319458,0.05939209461212158
11,1.305593,activation_d2h,0.0,0.025472000241279602,0.025472000241279602
11,1.305593,cpu,0.361654,0.769143,0.40748900000000005
11,1.305593,gpu_resident,0.0,0.809984028339386,0.809984028339386
11,1.305593,gpu_h2d,0.0,0.3839679956436157,0.3839679956436157
11,1.305593,gpu_dequant,0.3839679956436157,0.532480001449585,0.14851200580596924
11,1.305593,gpu_promoted,0.809984028339386,0.881663978099823,0.07167994976043701
11,1.305593,cpu_return_merge,0.8837119780946523,0.936959981918335,0.053248003823682666
12,1.03402,activation_d2h,0.0,0.03235200047492981,0.03235200047492981
12,1.03402,cpu,0.396169,0.858728,0.46255900000000005
12,1.03402,gpu_resident,0.0,0.502784013748169,0.502784013748169
12,1.03402,gpu_h2d,0.0,0.3749440014362335,0.3749440014362335
12,1.03402,gpu_dequant,0.3749440014362335,0.44543999433517456,0.07049599289894104
12,1.03402,gpu_promoted,0.502784013748169,0.5980160236358643,0.09523200988769531
12,1.03402,cpu_return_merge,0.8683520257472992,0.9103360176086426,0.041983991861343384
13,1.051919,activation_d2h,0.0,0.025855999439954758,0.025855999439954758
13,1.051919,cpu,0.445544,0.85524,0.409696
13,1.051919,gpu_resident,0.0,0.32972800731658936,0.32972800731658936
13,1.051919,gpu_h2d,0.0,0.36003199219703674,0.36003199219703674
13,1.051919,gpu_dequant,0.36003199219703674,0.43827199935913086,0.07824000716209412
13,1.051919,gpu_promoted,0.43827199935913086,0.5017600059509277,0.06348800659179688
13,1.051919,cpu_return_merge,0.8838080167770386,0.9451519846916199,0.0613439679145813
14,0.914809,activation_d2h,0.0,0.03417599946260452,0.03417599946260452
14,0.914809,cpu,0.293782,0.696439,0.40265700000000004
14,0.914809,gpu_resident,0.0,0.5048320293426514,0.5048320293426514
14,0.914809,gpu_h2d,0.0,0.3848319947719574,0.3848319947719574
14,0.914809,gpu_dequant,0.3848319947719574,0.4689919948577881,0.08416000008583069
14,0.914809,gpu_promoted,0.5048320293426514,0.6330559849739075,0.1282239556312561
14,0.914809,cpu_return_merge,0.6942719854414463,0.7587839961051941,0.06451201066374779
15,0.964155,activation_d2h,0.0,0.02675200067460537,0.02675200067460537
15,0.964155,cpu,0.408445,0.781771,0.373326
15,0.964155,gpu_resident,0.0,0.4689919948577881,0.4689919948577881
15,0.964155,gpu_h2d,0.0,0.37404799461364746,0.37404799461364746
15,0.964155,gpu_dequant,0.37404799461364746,0.44543999433517456,0.0713919997215271
15,0.964155,gpu_promoted,0.4689919948577881,0.6000639796257019,0.13107198476791382
15,0.964155,cpu_return_merge,0.7988799810409546,0.839680016040802,0.04080003499984741
16,1.309787,activation_d2h,0.0,0.03587200120091438,0.03587200120091438
16,1.309787,cpu,0.332118,0.791907,0.459789
16,1.309787,gpu_resident,0.0,0.3031040132045746,0.3031040132045746
16,1.309787,gpu_h2d,0.0,0.3799999952316284,0.3799999952316284
16,1.309787,gpu_dequant,0.3799999952316284,0.4536319971084595,0.07363200187683105
16,1.309787,gpu_promoted,0.4536319971084595,0.532480001449585,0.07884800434112549
16,1.309787,cpu_return_merge,0.9236479997634888,1.1038719415664673,0.18022394180297852
17,1.023123,activation_d2h,0.0,0.029023999348282814,0.029023999348282814
17,1.023123,cpu,0.402809,0.83387,0.431061
17,1.023123,gpu_resident,0.0,0.5048320293426514,0.5048320293426514
17,1.023123,gpu_h2d,0.0,0.37913599610328674,0.37913599610328674
17,1.023123,gpu_dequant,0.37913599610328674,0.47411200404167175,0.09497600793838501
17,1.023123,gpu_promoted,0.5048320293426514,0.6297600269317627,0.12492799758911133
17,1.023123,cpu_return_merge,0.8357440233230591,0.8929280042648315,0.05718398094177246
18,0.997227,activation_d2h,0.0,0.031328000128269196,0.031328000128269196
18,0.997227,cpu,0.400886,0.779717,0.378831
18,0.997227,gpu_resident,0.0,0.4907520115375519,0.4907520115375519
18,0.997227,gpu_h2d,0.0,0.3612160086631775,0.3612160086631775
18,0.997227,gpu_dequant,0.3612160086631775,0.4403199851512909,0.0791039764881134
18,0.997227,gpu_promoted,0.4907520115375519,0.6021119952201843,0.11135998368263245
18,0.997227,cpu_return_merge,0.8162560015916824,0.8724480271339417,0.056192025542259216
19,1.026399,activation_d2h,0.0,0.023679999634623528,0.023679999634623528
19,1.026399,cpu,0.214645,0.829833,0.6151880000000001
19,1.026399,gpu_resident,0.0,0.4596160054206848,0.4596160054206848
19,1.026399,gpu_h2d,0.0,0.3707520067691803,0.3707520067691803
19,1.026399,gpu_dequant,0.3707520067691803,0.44630399346351624,0.07555198669433594
19,1.026399,gpu_promoted,0.4596160054206848,0.5722560286521912,0.11264002323150635
19,1.026399,cpu_return_merge,0.8334400355815887,0.8866239786148071,0.053183943033218384
20,1.075039,activation_d2h,0.0,0.022143999114632607,0.022143999114632607
20,1.075039,cpu,0.446919,0.892689,0.44576999999999994
20,1.075039,gpu_resident,0.0,0.4833280146121979,0.4833280146121979
20,1.075039,gpu_h2d,0.0,0.3715519905090332,0.3715519905090332
20,1.075039,gpu_dequant,0.3715519905090332,0.45772799849510193,0.08617600798606873
20,1.075039,gpu_promoted,0.4833280146121979,0.6022080183029175,0.1188800036907196
20,1.075039,cpu_return_merge,0.8908800184726715,0.9502720236778259,0.05939200520515442
21,1.180045,activation_d2h,0.0,0.024607999250292778,0.024607999250292778
21,1.180045,cpu,0.409331,0.775763,0.366432
21,1.180045,gpu_resident,0.0,0.9461759924888611,0.9461759924888611
21,1.180045,gpu_h2d,0.0,0.3712320029735565,0.3712320029735565
21,1.180045,gpu_dequant,0.3712320029735565,0.9308159947395325,0.559583991765976
21,1.180045,gpu_promoted,0.9461759924888611,1.001471996307373,0.05529600381851196
21,1.180045,cpu_return_merge,1.0253439955413342,1.07315194606781,0.047807950526475906
22,0.934997,activation_d2h,0.0,0.027807999402284622,0.027807999402284622
22,0.934997,cpu,0.395661,0.756866,0.36120500000000005
22,0.934997,gpu_resident,0.0,0.2887679934501648,0.2887679934501648
22,0.934997,gpu_h2d,0.0,0.3622719943523407,0.3622719943523407
22,0.934997,gpu_dequant,0.3622719943523407,0.4423680007457733,0.08009600639343262
22,0.934997,gpu_promoted,0.4423680007457733,0.5017600059509277,0.05939200520515442
22,0.934997,cpu_return_merge,0.7762240171432495,0.8191999793052673,0.04297596216201782
23,1.000674,activation_d2h,0.0,0.02598400041460991,0.02598400041460991
23,1.000674,cpu,0.393896,0.8184,0.424504
23,1.000674,gpu_resident,0.0,0.46592000126838684,0.46592000126838684
23,1.000674,gpu_h2d,0.0,0.36934399604797363,0.36934399604797363
23,1.000674,gpu_dequant,0.36934399604797363,0.4423680007457733,0.07302400469779968
23,1.000674,gpu_promoted,0.46592000126838684,0.5488640069961548,0.08294400572776794
23,1.000674,cpu_return_merge,0.8376320004463196,0.8847360014915466,0.04710400104522705
24,1.033547,activation_d2h,0.0,0.026976000517606735,0.026976000517606735
24,1.033547,cpu,0.48221,0.830968,0.348758
24,1.033547,gpu_resident,0.0,0.4558719992637634,0.4558719992637634
24,1.033547,gpu_h2d,0.0,0.3616639971733093,0.3616639971733093
24,1.033547,gpu_dequant,0.3616639971733093,0.4403199851512909,0.07865598797798157
24,1.033547,gpu_promoted,0.4558719992637634,0.5191680192947388,0.06329602003097534
24,1.033547,cpu_return_merge,0.8110720217227936,0.9106559753417969,0.0995839536190033
25,0.90472,activation_d2h,0.0,0.03200000151991844,0.03200000151991844
25,0.90472,cpu,0.374025,0.726307,0.35228200000000004
25,0.90472,gpu_resident,0.0,0.44543999433517456,0.44543999433517456
25,0.90472,gpu_h2d,0.0,0.3645760118961334,0.3645760118961334
25,0.90472,gpu_dequant,0.3645760118961334,0.4423680007457733,0.07779198884963989
25,0.90472,gpu_promoted,0.44543999433517456,0.5007359981536865,0.05529600381851196
25,0.90472,cpu_return_merge,0.744607999920845,0.796671986579895,0.05206398665904999
26,1.112255,activation_d2h,0.0,0.013439999893307686,0.013439999893307686
26,1.112255,cpu,0.429133,0.920179,0.491046
26,1.112255,gpu_resident,0.0,0.4403199851512909,0.4403199851512909
26,1.112255,gpu_h2d,0.0,0.3583360016345978,0.3583360016345978
26,1.112255,gpu_dequant,0.3583360016345978,0.48127999901771545,0.12294399738311768
26,1.112255,gpu_promoted,0.48127999901771545,0.5406720042228699,0.05939200520515442
26,1.112255,cpu_return_merge,0.6400000005960464,0.6830080151557922,0.04300801455974579
27,1.086523,activation_d2h,0.0,0.02687999978661537,0.02687999978661537
27,1.086523,cpu,0.391902,0.845059,0.45315700000000003
27,1.086523,gpu_resident,0.0,0.4833280146121979,0.4833280146121979
27,1.086523,gpu_h2d,0.0,0.38067200779914856,0.38067200779914856
27,1.086523,gpu_dequant,0.38067200779914856,0.4710400104522705,0.09036800265312195
27,1.086523,gpu_promoted,0.4833280146121979,0.5683199763298035,0.08499196171760559
27,1.086523,cpu_return_merge,0.8635839819908142,0.9553920030593872,0.091808021068573
28,1.469622,activation_d2h,0.0,0.027648000046610832,0.027648000046610832
28,1.469622,cpu,0.439863,0.953413,0.51355
28,1.469622,gpu_resident,0.0,0.3389439880847931,0.3389439880847931
28,1.469622,gpu_h2d,0.0,0.37484800815582275,0.37484800815582275
28,1.469622,gpu_dequant,0.37484800815582275,0.4607999920845032,0.08595198392868042
28,1.469622,gpu_promoted,0.4607999920845032,0.5478399991989136,0.0870400071144104
28,1.469622,cpu_return_merge,1.1048960089683533,1.282047986984253,0.17715197801589966
29,0.931865,activation_d2h,0.0,0.02332800067961216,0.02332800067961216
29,0.931865,cpu,0.397202,0.75295,0.355748
29,0.931865,gpu_resident,0.0,0.47513601183891296,0.47513601183891296
29,0.931865,gpu_h2d,0.0,0.3564159870147705,0.3564159870147705
29,0.931865,gpu_dequant,0.3564159870147705,0.4485119879245758,0.0920960009098053
29,0.931865,gpu_promoted,0.47513601183891296,0.579584002494812,0.10444799065589905
29,0.931865,cpu_return_merge,0.76528000831604,0.7997440099716187,0.03446400165557861
30,1.279631,activation_d2h,0.0,0.02672000043094158,0.02672000043094158
30,1.279631,cpu,0.380125,1.041976,0.661851
30,1.279631,gpu_resident,0.0,0.4833280146121979,0.4833280146121979
30,1.279631,gpu_h2d,0.0,0.37036800384521484,0.37036800384521484
30,1.279631,gpu_dequant,0.37036800384521484,0.5038080215454102,0.1334400177001953
30,1.279631,gpu_promoted,0.5038080215454102,0.6113280057907104,0.10751998424530029
30,1.279631,cpu_return_merge,1.0444799959659576,1.1397119760513306,0.09523198008537292
31,0.943106,activation_d2h,0.0,0.02300800010561943,0.02300800010561943
31,0.943106,cpu,0.237941,0.745036,0.5070950000000001
31,0.943106,gpu_resident,0.0,0.27955201268196106,0.27955201268196106
31,0.943106,gpu_h2d,0.0,0.366239994764328,0.366239994764328
31,0.943106,gpu_dequant,0.366239994764328,0.44441598653793335,0.07817599177360535
31,0.943106,gpu_promoted,0.44441598653793335,0.5171200037002563,0.072704017162323
31,0.943106,cpu_return_merge,0.7906560003757477,0.8509439826011658,0.06028798222541809
32,1.097799,activation_d2h,0.0,0.028511999174952507,0.028511999174952507
32,1.097799,cpu,0.429094,0.900734,0.47164000000000006
32,1.097799,gpu_resident,0.0,0.4833280146121979,0.4833280146121979
32,1.097799,gpu_h2d,0.0,0.37193599343299866,0.37193599343299866
32,1.097799,gpu_dequant,0.37193599343299866,0.4689919948577881,0.09705600142478943
32,1.097799,gpu_promoted,0.4833280146121979,0.5826560258865356,0.09932801127433777
32,1.097799,cpu_return_merge,0.9208000302314758,0.9922559857368469,0.0714559555053711
33,0.850667,activation_d2h,0.0,0.025248000398278236,0.025248000398278236
33,0.850667,cpu,0.234017,0.671071,0.43705399999999994
33,0.850667,gpu_resident,0.0,0.5386239886283875,0.5386239886283875
33,0.850667,gpu_h2d,0.0,0.37116798758506775,0.37116798758506775
33,0.850667,gpu_dequant,0.37116798758506775,0.45772799849510193,0.08656001091003418
33,0.850667,gpu_promoted,0.5386239886283875,0.6350079774856567,0.09638398885726929
33,0.850667,cpu_return_merge,0.6963199786841869,0.7352319955825806,0.03891201689839363
34,0.917473,activation_d2h,0.0,0.031231999397277832,0.031231999397277832
34,0.917473,cpu,0.361676,0.716329,0.354653
34,0.917473,gpu_resident,0.0,0.2979840040206909,0.2979840040206909
34,0.917473,gpu_h2d,0.0,0.369951993227005,0.369951993227005
34,0.917473,gpu_dequant,0.369951993227005,0.44441598653793335,0.07446399331092834
34,0.917473,gpu_promoted,0.44441598653793335,0.532480001449585,0.08806401491165161
34,0.917473,cpu_return_merge,0.6288639977574348,0.6748160123825073,0.04595201462507248
35,1.37639,activation_d2h,0.0,0.037856001406908035,0.037856001406908035
35,1.37639,cpu,0.403302,0.785938,0.38263600000000003
35,1.37639,gpu_resident,0.0,0.41574400663375854,0.41574400663375854
35,1.37639,gpu_h2d,0.0,0.38659200072288513,0.38659200072288513
35,1.37639,gpu_dequant,0.38659200072288513,0.4505600035190582,0.0639680027961731
35,1.37639,gpu_promoted,0.4505600035190582,0.652288019657135,0.20172801613807678
35,1.37639,cpu_return_merge,1.16428804397583,1.2328959703445435,0.06860792636871338
36,0.949107,activation_d2h,0.0,0.026048000901937485,0.026048000901937485
36,0.949107,cpu,0.461084,0.799258,0.33817400000000003
36,0.949107,gpu_resident,0.0,0.4689919948577881,0.4689919948577881
36,0.949107,gpu_h2d,0.0,0.36323198676109314,0.36323198676109314
36,0.949107,gpu_dequant,0.36323198676109314,0.43827199935913086,0.07504001259803772
36,0.949107,gpu_promoted,0.4689919948577881,0.5273600220680237,0.058368027210235596
36,0.949107,cpu_return_merge,0.8049600124359131,0.834559977054596,0.02959996461868286
37,1.120096,activation_d2h,0.0,0.021247999742627144,0.021247999742627144
37,1.120096,cpu,0.403953,0.928906,0.524953
37,1.120096,gpu_resident,0.0,0.47862398624420166,0.47862398624420166
37,1.120096,gpu_h2d,0.0,0.37110400199890137,0.37110400199890137
37,1.120096,gpu_dequant,0.37110400199890137,0.44646400213241577,0.0753600001335144
37,1.120096,gpu_promoted,0.47862398624420166,0.647167980670929,0.1685439944267273
37,1.120096,cpu_return_merge,0.9226239919662476,0.9932799935340881,0.07065600156784058
38,0.816456,activation_d2h,0.0,0.024639999493956566,0.024639999493956566
38,0.816456,cpu,0.249051,0.640335,0.39128399999999997
38,0.816456,gpu_resident,0.0,0.46777600049972534,0.46777600049972534
38,0.816456,gpu_h2d,0.0,0.37302398681640625,0.37302398681640625
38,0.816456,gpu_dequant,0.37302398681640625,0.45446398854255676,0.08144000172615051
38,0.816456,gpu_promoted,0.46777600049972534,0.5292159914970398,0.06143999099731445
38,0.816456,cpu_return_merge,0.6469759941101074,0.6817920207977295,0.03481602668762207
39,0.803191,activation_d2h,0.0,0.023455999791622162,0.023455999791622162
39,0.803191,cpu,0.204946,0.545317,0.3403710000000001
39,0.803191,gpu_resident,0.0,0.4493759870529175,0.4493759870529175
39,0.803191,gpu_h2d,0.0,0.35897600650787354,0.35897600650787354
39,0.803191,gpu_dequant,0.35897600650787354,0.43299201130867004,0.07401600480079651
39,0.803191,gpu_promoted,0.4493759870529175,0.5763520002365112,0.12697601318359375
39,0.803191,cpu_return_merge,0.6030720006674528,0.6674879789352417,0.06441597826778889
40,1.135338,activation_d2h,0.0,0.032735999673604965,0.032735999673604965
40,1.135338,cpu,0.34839,0.904513,0.556123
40,1.135338,gpu_resident,0.0,0.502784013748169,0.502784013748169
40,1.135338,gpu_h2d,0.0,0.38633599877357483,0.38633599877357483
40,1.135338,gpu_dequant,0.38633599877357483,0.4935680031776428,0.107232004404068
40,1.135338,gpu_promoted,0.502784013748169,0.7761920094490051,0.2734079957008362
40,1.135338,cpu_return_merge,0.7772160094464198,0.8386560082435608,0.061439998797141016
41,1.065783,activation_d2h,0.0,0.021568000316619873,0.021568000316619873
41,1.065783,cpu,0.444664,0.870231,0.425567
41,1.065783,gpu_resident,0.0,0.5000320076942444,0.5000320076942444
41,1.065783,gpu_h2d,0.0,0.36134400963783264,0.36134400963783264
41,1.065783,gpu_dequant,0.36134400963783264,0.434112012386322,0.07276800274848938
41,1.065783,gpu_promoted,0.5000320076942444,0.633791983127594,0.1337599754333496
41,1.065783,cpu_return_merge,0.906175971031189,0.949184000492096,0.04300802946090698
42,1.175764,activation_d2h,0.0,0.031168000772595406,0.031168000772595406
42,1.175764,cpu,0.399928,0.763332,0.363404
42,1.175764,gpu_resident,0.0,0.549888014793396,0.549888014793396
42,1.175764,gpu_h2d,0.0,0.38150399923324585,0.38150399923324585
42,1.175764,gpu_dequant,0.38150399923324585,0.48127999901771545,0.0997759997844696
42,1.175764,gpu_promoted,0.549888014793396,0.6512640118598938,0.1013759970664978
42,1.175764,cpu_return_merge,0.713792011141777,1.0168319940567017,0.3030399829149246
43,0.868727,activation_d2h,0.0,0.02534399926662445,0.02534399926662445
43,0.868727,cpu,0.215666,0.700151,0.48448499999999994
43,0.868727,gpu_resident,0.0,0.40857601165771484,0.40857601165771484
43,0.868727,gpu_h2d,0.0,0.38073599338531494,0.38073599338531494
43,0.868727,gpu_dequant,0.38073599338531494,0.46489599347114563,0.08416000008583069
43,0.868727,gpu_promoted,0.46489599347114563,0.5273600220680237,0.06246402859687805
43,0.868727,cpu_return_merge,0.7147520184516907,0.7659519910812378,0.05119997262954712
44,1.127171,activation_d2h,0.0,0.019392000511288643,0.019392000511288643
44,1.127171,cpu,0.583745,0.940457,0.35671200000000003
44,1.127171,gpu_resident,0.0,0.5468159914016724,0.5468159914016724
44,1.127171,gpu_h2d,0.0,0.3813439905643463,0.3813439905643463
44,1.127171,gpu_dequant,0.3813439905643463,0.4792320132255554,0.0978880226612091
44,1.127171,gpu_promoted,0.5468159914016724,0.633184015750885,0.08636802434921265
44,1.127171,cpu_return_merge,0.9594880044460297,1.0147839784622192,0.055295974016189575
45,1.205658,activation_d2h,0.0,0.028672000393271446,0.028672000393271446
45,1.205658,cpu,0.376087,0.980003,0.6039159999999999
45,1.205658,gpu_resident,0.0,0.4423680007457733,0.4423680007457733
45,1.205658,gpu_h2d,0.0,0.3638400137424469,0.3638400137424469
45,1.205658,gpu_dequant,0.3638400137424469,0.4628480076789856,0.0990079939365387
45,1.205658,gpu_promoted,0.4628480076789856,0.5242879986763,0.06143999099731445
45,1.205658,cpu_return_merge,0.9933440089225769,1.043455958366394,0.05011194944381714
46,0.895591,activation_d2h,0.0,0.025407999753952026,0.025407999753952026
46,0.895591,cpu,0.407216,0.738439,0.33122299999999993
46,0.895591,gpu_resident,0.0,0.4556800127029419,0.4556800127029419
46,0.895591,gpu_h2d,0.0,0.35785600543022156,0.35785600543022156
46,0.895591,gpu_dequant,0.35785600543022156,0.43929600715637207,0.08144000172615051
46,0.895591,gpu_promoted,0.4556800127029419,0.6041600108146667,0.14847999811172485
46,0.895591,cpu_return_merge,0.7075840085744858,0.7567359805107117,0.04915197193622589
47,1.211365,activation_d2h,0.0,0.02687999978661537,0.02687999978661537
47,1.211365,cpu,0.460777,0.86533,0.40455300000000005
47,1.211365,gpu_resident,0.0,0.5017600059509277,0.5017600059509277
47,1.211365,gpu_h2d,0.0,0.3821440041065216,0.3821440041065216
47,1.211365,gpu_dequant,0.3821440041065216,0.5592319965362549,0.17708799242973328
47,1.211365,gpu_promoted,0.5592319965362549,0.6369280219078064,0.07769602537155151
47,1.211365,cpu_return_merge,0.940032035112381,1.018880009651184,0.0788479745388031
48,0.985957,activation_d2h,0.0,0.02598400041460991,0.02598400041460991
48,0.985957,cpu,0.409667,0.79346,0.38379300000000005
48,0.985957,gpu_resident,0.0,0.4556800127029419,0.4556800127029419
48,0.985957,gpu_h2d,0.0,0.3635520040988922,0.3635520040988922
48,0.985957,gpu_dequant,0.3635520040988922,0.4403199851512909,0.07676798105239868
48,0.985957,gpu_promoted,0.4556800127029419,0.591871976852417,0.1361919641494751
48,0.985957,cpu_return_merge,0.8103039711713791,0.857088029384613,0.04678405821323395
49,1.391767,activation_d2h,0.0,0.024000000208616257,0.024000000208616257
49,1.391767,cpu,0.392404,0.774484,0.38208
49,1.391767,gpu_resident,0.0,0.9707520008087158,0.9707520008087158
49,1.391767,gpu_h2d,0.0,0.3664639890193939,0.3664639890193939
49,1.391767,gpu_dequant,0.3664639890193939,0.6082559823989868,0.2417919933795929
49,1.391767,gpu_promoted,0.9707520008087158,1.0096640586853027,0.038912057876586914
49,1.391767,cpu_return_merge,1.199104055762291,1.2666879892349243,0.06758393347263336
50,0.998521,activation_d2h,0.0,0.023679999634623528,0.023679999634623528
50,0.998521,cpu,0.436082,0.804627,0.36854499999999996
50,0.998521,gpu_resident,0.0,0.4433920085430145,0.4433920085430145
50,0.998521,gpu_h2d,0.0,0.3567360043525696,0.3567360043525696
50,0.998521,gpu_dequant,0.3567360043525696,0.43110400438308716,0.07436800003051758
50,0.998521,gpu_promoted,0.4433920085430145,0.5490559935569763,0.10566398501396179
50,0.998521,cpu_return_merge,0.824319988489151,0.8765439987182617,0.05222401022911072
51,1.231143,activation_d2h,0.0,0.03235200047492981,0.03235200047492981
51,1.231143,cpu,0.384063,1.001927,0.617864
51,1.231143,gpu_resident,0.0,0.46592000126838684,0.46592000126838684
51,1.231143,gpu_h2d,0.0,0.38470399379730225,0.38470399379730225
51,1.231143,gpu_dequant,0.38470399379730225,0.4536319971084595,0.06892800331115723
51,1.231143,gpu_promoted,0.46592000126838684,0.5611519813537598,0.09523198008537292
51,1.231143,cpu_return_merge,1.0262399911880493,1.1110399961471558,0.08480000495910645
52,1.002194,activation_d2h,0.0,0.030751999467611313,0.030751999467611313
52,1.002194,cpu,0.415943,0.794613,0.37867
52,1.002194,gpu_resident,0.0,0.5076479911804199,0.5076479911804199
52,1.002194,gpu_h2d,0.0,0.37321600317955017,0.37321600317955017
52,1.002194,gpu_dequant,0.37321600317955017,0.45126399397850037,0.0780479907989502
52,1.002194,gpu_promoted,0.5076479911804199,0.6099839806556702,0.10233598947525024
52,1.002194,cpu_return_merge,0.8108479827642441,0.8711040019989014,0.06025601923465729
53,0.984864,activation_d2h,0.0,0.02393599972128868,0.02393599972128868
53,0.984864,cpu,0.396063,0.739447,0.34338399999999997
53,0.984864,gpu_resident,0.0,0.5416960120201111,0.5416960120201111
53,0.984864,gpu_h2d,0.0,0.3668479919433594,0.3668479919433594
53,0.984864,gpu_dequant,0.3668479919433594,0.4536319971084595,0.0867840051651001
53,0.984864,gpu_promoted,0.5416960120201111,0.6534720063209534,0.11177599430084229
53,0.984864,cpu_return_merge,0.7331840097904205,0.8171520233154297,0.08396801352500916
54,1.044745,activation_d2h,0.0,0.0331839993596077,0.0331839993596077
54,1.044745,cpu,0.421185,0.860907,0.439722
54,1.044745,gpu_resident,0.0,0.5003200173377991,0.5003200173377991
54,1.044745,gpu_h2d,0.0,0.3675520122051239,0.3675520122051239
54,1.044745,gpu_dequant,0.3675520122051239,0.4593600034713745,0.09180799126625061
54,1.044745,gpu_promoted,0.5003200173377991,0.6110079884529114,0.1106879711151123
54,1.044745,cpu_return_merge,0.8843519985675812,0.94268798828125,0.05833598971366882
55,0.918133,activation_d2h,0.0,0.032735999673604965,0.032735999673604965
55,0.918133,cpu,0.406901,0.783633,0.376732
55,0.918133,gpu_resident,0.0,0.4853760004043579,0.4853760004043579
55,0.918133,gpu_h2d,0.0,0.374783992767334,0.374783992767334
55,0.918133,gpu_dequant,0.374783992767334,0.449535995721817,0.07475200295448303
55,0.918133,gpu_promoted,0.4853760004043579,0.5888000130653381,0.10342401266098022
55,0.918133,cpu_return_merge,0.7710720151662827,0.8048639893531799,0.03379197418689728
56,1.24235,activation_d2h,0.0,0.025728000327944756,0.025728000327944756
56,1.24235,cpu,0.475638,1.01584,0.5402020000000001
56,1.24235,gpu_resident,0.0,1.0158079862594604,1.0158079862594604
56,1.24235,gpu_h2d,0.0,0.3585920035839081,0.3585920035839081
56,1.24235,gpu_dequant,0.3585920035839081,0.6215680241584778,0.2629760205745697
56,1.24235,gpu_promoted,1.0158079862594604,1.0547200441360474,0.038912057876586914
56,1.24235,cpu_return_merge,1.069056044332683,1.1253759860992432,0.05631994176656008
57,0.995243,activation_d2h,0.0,0.02675200067460537,0.02675200067460537
57,0.995243,cpu,0.42783,0.821795,0.39396500000000007
57,0.995243,gpu_resident,0.0,0.48742398619651794,0.48742398619651794
57,0.995243,gpu_h2d,0.0,0.3698880076408386,0.3698880076408386
57,0.995243,gpu_dequant,0.3698880076408386,0.4607999920845032,0.09091198444366455
57,0.995243,gpu_promoted,0.48742398619651794,0.6462720036506653,0.15884801745414734
57,0.995243,cpu_return_merge,0.8225280046463013,0.8697280287742615,0.047200024127960205
58,1.005479,activation_d2h,0.0,0.027168000116944313,0.027168000116944313
58,1.005479,cpu,0.439445,0.820085,0.38064
58,1.005479,gpu_resident,0.0,0.32972800731658936,0.32972800731658936
58,1.005479,gpu_h2d,0.0,0.3709760010242462,0.3709760010242462
58,1.005479,gpu_dequant,0.3709760010242462,0.45260798931121826,0.08163198828697205
58,1.005479,gpu_promoted,0.45260798931121826,0.5539839863777161,0.1013759970664978
58,1.005479,cpu_return_merge,0.8294399976730347,0.8878080248832703,0.058368027210235596
59,1.082496,activation_d2h,0.0,0.027807999402284622,0.027807999402284622
59,1.082496,cpu,0.466164,0.874282,0.408118
59,1.082496,gpu_resident,0.0,0.5134720206260681,0.5134720206260681
59,1.082496,gpu_h2d,0.0,0.3643200099468231,0.3643200099468231
59,1.082496,gpu_dequant,0.3643200099468231,0.4423680007457733,0.0780479907989502
59,1.082496,gpu_promoted,0.5134720206260681,0.6259840130805969,0.11251199245452881
59,1.082496,cpu_return_merge,0.8437760174274445,0.9021440148353577,0.05836799740791321
60,0.983998,activation_d2h,0.0,0.028511999174952507,0.028511999174952507
60,0.983998,cpu,0.391742,0.787778,0.396036
60,0.983998,gpu_resident,0.0,0.46163201332092285,0.46163201332092285
60,0.983998,gpu_h2d,0.0,0.3720639944076538,0.3720639944076538
60,0.983998,gpu_dequant,0.3720639944076538,0.44627198576927185,0.07420799136161804
60,0.983998,gpu_promoted,0.46163201332092285,0.559935986995697,0.09830397367477417
60,0.983998,cpu_return_merge,0.7948159873485565,0.8487039804458618,0.0538879930973053
61,1.129345,activation_d2h,0.0,0.024447999894618988,0.024447999894618988
61,1.129345,cpu,0.582898,0.931447,0.348549
61,1.129345,gpu_resident,0.0,0.45158401131629944,0.45158401131629944
61,1.129345,gpu_h2d,0.0,0.35843199491500854,0.35843199491500854
61,1.129345,gpu_dequant,0.35843199491500854,0.4433920085430145,0.08496001362800598
61,1.129345,gpu_promoted,0.45158401131629944,0.5580800175666809,0.10649600625038147
61,1.129345,cpu_return_merge,0.8683520257472992,0.9177280068397522,0.049375981092453
62,0.943388,activation_d2h,0.0,0.025312000885605812,0.025312000885605812
62,0.943388,cpu,0.413945,0.780473,0.36652799999999996
62,0.943388,gpu_resident,0.0,0.4986880123615265,0.4986880123615265
62,0.943388,gpu_h2d,0.0,0.3582080006599426,0.3582080006599426
62,0.943388,gpu_dequant,0.3582080006599426,0.4485119879245758,0.09030398726463318
62,0.943388,gpu_promoted,0.4986880123615265,0.5970240235328674,0.09833601117134094
62,0.943388,cpu_return_merge,0.7825280278921127,0.8355839848518372,0.053055956959724426
63,1.064844,activation_d2h,0.0,0.02611199952661991,0.02611199952661991
63,1.064844,cpu,0.227741,0.583506,0.355765
63,1.064844,gpu_resident,0.0,0.7167999744415283,0.7167999744415283
63,1.064844,gpu_h2d,0.0,0.3848640024662018,0.3848640024662018
63,1.064844,gpu_dequant,0.3848640024662018,0.6993920207023621,0.3145280182361603
63,1.064844,gpu_promoted,0.7167999744415283,0.7874559760093689,0.07065600156784058
63,1.064844,cpu_return_merge,0.7895039760041982,0.834559977054596,0.045056001050397754
64,0.942599,activation_d2h,0.0,0.03299200162291527,0.03299200162291527
64,0.942599,cpu,0.427375,0.748526,0.321151
64,0.942599,gpu_resident,0.0,0.5120000243186951,0.5120000243186951
64,0.942599,gpu_h2d,0.0,0.37571200728416443,0.37571200728416443
64,0.942599,gpu_dequant,0.37571200728416443,0.449535995721817,0.07382398843765259
64,0.942599,gpu_promoted,0.5120000243186951,0.6310080289840698,0.11900800466537476
64,0.942599,cpu_return_merge,0.7291200309991837,0.7802879810333252,0.05116795003414154
65,1.379107,activation_d2h,0.0,0.02364799939095974,0.02364799939095974
65,1.379107,cpu,0.443239,0.830994,0.387755
65,1.379107,gpu_resident,0.0,0.5230079889297485,0.5230079889297485
65,1.379107,gpu_h2d,0.0,0.37068799138069153,0.37068799138069153
65,1.379107,gpu_dequant,0.37068799138069153,0.44416001439094543,0.0734720230102539
65,1.379107,gpu_promoted,0.5230079889297485,0.6482880115509033,0.12528002262115479
65,1.379107,cpu_return_merge,1.0739200115203857,1.2613120079040527,0.187391996383667
66,0.823496,activation_d2h,0.0,0.028384000062942505,0.028384000062942505
66,0.823496,cpu,0.222284,0.564418,0.34213399999999994
66,0.823496,gpu_resident,0.0,0.49564799666404724,0.49564799666404724
66,0.823496,gpu_h2d,0.0,0.37599998712539673,0.37599998712539673
66,0.823496,gpu_dequant,0.37599998712539673,0.4546560049057007,0.07865601778030396
66,0.823496,gpu_promoted,0.49564799666404724,0.6156799793243408,0.12003198266029358
66,0.823496,cpu_return_merge,0.6266879793256521,0.6860799789428711,0.05939199961721897
67,0.907006,activation_d2h,0.0,0.03606399893760681,0.03606399893760681
67,0.907006,cpu,0.375917,0.727206,0.351289
67,0.907006,gpu_resident,0.0,0.5058559775352478,0.5058559775352478
67,0.907006,gpu_h2d,0.0,0.3704319894313812,0.3704319894313812
67,0.907006,gpu_dequant,0.3704319894313812,0.4567039906978607,0.08627200126647949
67,0.907006,gpu_promoted,0.5058559775352478,0.6072319746017456,0.1013759970664978
67,0.907006,cpu_return_merge,0.7342079728841782,0.779263973236084,0.04505600035190582
68,1.177152,activation_d2h,0.0,0.01603199914097786,0.01603199914097786
68,1.177152,cpu,0.427606,0.788158,0.36055200000000004
68,1.177152,gpu_resident,0.0,0.6748160123825073,0.6748160123825073
68,1.177152,gpu_h2d,0.0,0.36211198568344116,0.36211198568344116
68,1.177152,gpu_dequant,0.36211198568344116,0.5836799740791321,0.22156798839569092
68,1.177152,gpu_promoted,0.6748160123825073,0.7270399928092957,0.05222398042678833
68,1.177152,cpu_return_merge,0.7280639928067103,0.7710719704627991,0.04300797765608877
69,0.805187,activation_d2h,0.0,0.021023999899625778,0.021023999899625778
69,0.805187,cpu,0.154112,0.475536,0.32142400000000004
69,0.805187,gpu_resident,0.0,0.505728006362915,0.505728006362915
69,0.805187,gpu_h2d,0.0,0.36451199650764465,0.36451199650764465
69,0.805187,gpu_dequant,0.36451199650764465,0.45555201172828674,0.09104001522064209
69,0.805187,gpu_promoted,0.505728006362915,0.6052799820899963,0.0995519757270813
69,0.805187,cpu_return_merge,0.615487982518971,0.6716160178184509,0.05612803529947996
70,0.917886,activation_d2h,0.0,0.033824000507593155,0.033824000507593155
70,0.917886,cpu,0.404389,0.740258,0.335869
70,0.917886,gpu_resident,0.0,0.49459201097488403,0.49459201097488403
70,0.917886,gpu_h2d,0.0,0.3779839873313904,0.3779839873313904
70,0.917886,gpu_dequant,0.3779839873313904,0.4710400104522705,0.09305602312088013
70,0.917886,gpu_promoted,0.49459201097488403,0.5714240074157715,0.07683199644088745
70,0.917886,cpu_return_merge,0.7448320090770721,0.8089600205421448,0.06412801146507263
71,0.928719,activation_d2h,0.0,0.03420799970626831,0.03420799970626831
71,0.928719,cpu,0.403483,0.762195,0.358712
71,0.928719,gpu_resident,0.0,0.541375994682312,0.541375994682312
71,0.928719,gpu_h2d,0.0,0.3765760064125061,0.3765760064125061
71,0.928719,gpu_dequant,0.3765760064125061,0.466623991727829,0.09004798531532288
71,0.928719,gpu_promoted,0.541375994682312,0.6458240151405334,0.10444802045822144
71,0.928719,cpu_return_merge,0.769088014960289,0.8106880187988281,0.041600003838539124
72,0.909014,activation_d2h,0.0,0.02380800060927868,0.02380800060927868
72,0.909014,cpu,0.404908,0.729912,0.325004
72,0.909014,gpu_resident,0.0,0.3665919899940491,0.3665919899940491
72,0.909014,gpu_h2d,0.0,0.3561280071735382,0.3561280071735382
72,0.909014,gpu_dequant,0.3561280071735382,0.42188799381256104,0.06575998663902283
72,0.909014,gpu_promoted,0.42188799381256104,0.5090559720993042,0.08716797828674316
72,0.909014,cpu_return_merge,0.7444479763507843,0.809984028339386,0.06553605198860168
73,1.46127,activation_d2h,0.0,0.021247999742627144,0.021247999742627144
73,1.46127,cpu,0.566901,1.038914,0.4720129999999999
73,1.46127,gpu_resident,0.0,0.5140479803085327,0.5140479803085327
73,1.46127,gpu_h2d,0.0,0.3654719889163971,0.3654719889163971
73,1.46127,gpu_dequant,0.3654719889163971,0.5048320293426514,0.13936004042625427
73,1.46127,gpu_promoted,0.5140479803085327,0.8468480110168457,0.332800030708313
73,1.46127,cpu_return_merge,0.848896011011675,1.0291199684143066,0.18022395740263164
74,0.961897,activation_d2h,0.0,0.027103999629616737,0.027103999629616737
74,0.961897,cpu,0.404945,0.75148,0.34653500000000004
74,0.961897,gpu_resident,0.0,0.4761599898338318,0.4761599898338318
74,0.961897,gpu_h2d,0.0,0.3831999897956848,0.3831999897956848
74,0.961897,gpu_dequant,0.3831999897956848,0.4700160026550293,0.08681601285934448
74,0.961897,gpu_promoted,0.4761599898338318,0.5908480286598206,0.11468803882598877
74,0.961897,cpu_return_merge,0.7579520344734192,0.8071039915084839,0.0491519570350647
75,1.543073,activation_d2h,0.0,0.02115200087428093,0.02115200087428093
75,1.543073,cpu,0.42237,0.826762,0.404392
75,1.543073,gpu_resident,0.0,0.35839998722076416,0.35839998722076416
75,1.543073,gpu_h2d,0.0,0.37727999687194824,0.37727999687194824
75,1.543073,gpu_dequant,0.37727999687194824,0.45772799849510193,0.08044800162315369
75,1.543073,gpu_promoted,0.45772799849510193,0.5294079780578613,0.0716799795627594
75,1.543073,cpu_return_merge,1.2513279914855957,1.4376959800720215,0.18636798858642578
76,0.975624,activation_d2h,0.0,0.024960000067949295,0.024960000067949295
76,0.975624,cpu,0.426614,0.794013,0.367399
76,0.975624,gpu_resident,0.0,0.46694400906562805,0.46694400906562805
76,0.975624,gpu_h2d,0.0,0.3617919981479645,0.3617919981479645
76,0.975624,gpu_dequant,0.3617919981479645,0.43827199935913086,0.07648000121116638
76,0.975624,gpu_promoted,0.46694400906562805,0.5580800175666809,0.09113600850105286
76,0.975624,cpu_return_merge,0.8171520233154297,0.8663039803504944,0.0491519570350647
77,1.110256,activation_d2h,0.0,0.023104000836610794,0.023104000836610794
77,1.110256,cpu,0.422516,0.94189,0.519374
77,1.110256,gpu_resident,0.0,0.4618239998817444,0.4618239998817444
77,1.110256,gpu_h2d,0.0,0.3584960103034973,0.3584960103034973
77,1.110256,gpu_dequant,0.3584960103034973,0.4280320107936859,0.0695360004901886
77,1.110256,gpu_promoted,0.4618239998817444,0.5437440276145935,0.08192002773284912
77,1.110256,cpu_return_merge,0.9390080273151398,1.0035200119018555,0.0645119845867157
78,0.946524,activation_d2h,0.0,0.02486399933695793,0.02486399933695793
78,0.946524,cpu,0.443019,0.786413,0.34339400000000003
78,0.946524,gpu_resident,0.0,0.3768320083618164,0.3768320083618164
78,0.946524,gpu_h2d,0.0,0.3654080033302307,0.3654080033302307
78,0.946524,gpu_dequant,0.3654080033302307,0.45260798931121826,0.08719998598098755
78,0.946524,gpu_promoted,0.45260798931121826,0.5140479803085327,0.06143999099731445
78,0.946524,cpu_return_merge,0.8061439692974091,0.8611840009689331,0.05504003167152405
79,1.071792,activation_d2h,0.0,0.026655999943614006,0.026655999943614006
79,1.071792,cpu,0.403639,0.874741,0.47110199999999997
79,1.071792,gpu_resident,0.0,0.5050560235977173,0.5050560235977173
79,1.071792,gpu_h2d,0.0,0.3644160032272339,0.3644160032272339
79,1.071792,gpu_dequant,0.3644160032272339,0.43827199935913086,0.07385599613189697
79,1.071792,gpu_promoted,0.5050560235977173,0.5990399718284607,0.09398394823074341
79,1.071792,cpu_return_merge,0.8809599578380585,0.9441279768943787,0.06316801905632019
