evidence_source,record_type,context_label,n_ctx,prompt_or_state_tokens,mode,run_purpose,kv_profile,cache_type_k,cache_type_v,expert_pool_gib,n_batch,n_ubatch,cuda_model_buffer_mib,cuda_kv_buffer_mib,cuda_recurrent_state_mib,cuda_kv_and_recurrent_mib,cuda_compute_buffer_mib,cuda_host_compute_buffer_mib,resource_samples,baseline_gpu_mem_used_mib,peak_gpu_mem_used_mib,peak_incremental_gpu_mem_mib,gpu_mem_total_mib,min_gpu_headroom_mib,peak_working_set_gib,peak_cpu_percent,peak_gpu_util_percent,source_path,resource_path,stderr_path
Measured,capacity_probe_allocation,32k,32768,2,cold-only,capacity-probes/f16-f16,f16-f16,f16,f16,,1,1,4459.62,1056.0,112.57,1168.57,24.76,0.66,,,,,,,,,,32k/capacity-probes/f16-f16/probe.json,,32k/capacity-probes/f16-f16/probe.stderr.log
Measured,resource_sample,32k,32768,31723,hybrid-fixed-cache,vram-8g-u16/f16-f16,f16-f16,f16,f16,8,2048,16,13008.91,1056.0,112.57,1168.57,30.6,4.92,32,239.0,14739.0,14500.0,16376.0,1637.0,17.036,74.44,68.0,32k/vram-8g-u16/f16-f16/f16-f16-run-1.json,32k/vram-8g-u16/f16-f16/f16-f16-run-1.resources.csv,32k/vram-8g-u16/f16-f16/f16-f16-run-1.stderr.log
Measured,roundtrip_allocation,32k,32768,31723,roundtrip,kv-roundtrip/f16-f16,f16-f16,f16,f16,,8192,8192,4459.62,1056.0,112.57,1168.57,8160.0,929.25,,,,,,,,,,32k/kv-roundtrip/f16-f16/roundtrip.json,,32k/kv-roundtrip/f16-f16/roundtrip.stderr.log
Measured,capacity_probe_allocation,32k,32768,2,cold-only,capacity-probes/q4-q4,q4-q4,q4_0,q4_0,,1,1,4459.62,297.01,112.57,409.58,25.04,0.93,,,,,,,,,,32k/capacity-probes/q4-q4/probe.json,,32k/capacity-probes/q4-q4/probe.stderr.log
Measured,resource_sample,32k,32768,31723,hybrid-fixed-cache,vram-8g-u16/q4-q4,q4-q4,q4_0,q4_0,8,2048,16,13008.91,297.01,112.57,409.58,73.47,5.19,30,239.0,14023.0,13784.0,16376.0,2353.0,16.944,74.76,59.0,32k/vram-8g-u16/q4-q4/q4-q4-run-1.json,32k/vram-8g-u16/q4-q4/q4-q4-run-1.resources.csv,32k/vram-8g-u16/q4-q4/q4-q4-run-1.stderr.log
Measured,roundtrip_allocation,32k,32768,31723,roundtrip,kv-roundtrip/q4-q4,q4-q4,q4_0,q4_0,,8192,8192,4459.62,297.01,112.57,409.58,8160.0,929.52,,,,,,,,,,32k/kv-roundtrip/q4-q4/roundtrip.json,,32k/kv-roundtrip/q4-q4/roundtrip.stderr.log
Measured,capacity_probe_allocation,32k,32768,2,cold-only,capacity-probes/q8-q4,q8-q4,q8_0,q4_0,,1,1,4459.62,417.01,112.57,529.5799999999999,25.04,0.93,,,,,,,,,,32k/capacity-probes/q8-q4/probe.json,,32k/capacity-probes/q8-q4/probe.stderr.log
Measured,resource_sample,32k,32768,31723,hybrid-fixed-cache,vram-8g-u16/q8-q4,q8-q4,q8_0,q4_0,8,2048,16,13008.91,417.01,112.57,529.5799999999999,73.47,5.19,30,239.0,14143.0,13904.0,16376.0,2233.0,17.086,73.75,97.0,32k/vram-8g-u16/q8-q4/q8-q4-run-1.json,32k/vram-8g-u16/q8-q4/q8-q4-run-1.resources.csv,32k/vram-8g-u16/q8-q4/q8-q4-run-1.stderr.log
Measured,roundtrip_allocation,32k,32768,31723,roundtrip,kv-roundtrip/q8-q4,q8-q4,q8_0,q4_0,,8192,8192,4459.62,417.01,112.57,529.5799999999999,8160.0,929.52,,,,,,,,,,32k/kv-roundtrip/q8-q4/roundtrip.json,,32k/kv-roundtrip/q8-q4/roundtrip.stderr.log
Measured,capacity_probe_allocation,32k,32768,2,cold-only,capacity-probes/q8-q8,q8-q8,q8_0,q8_0,,1,1,4459.62,561.01,112.57,673.5799999999999,25.04,0.93,,,,,,,,,,32k/capacity-probes/q8-q8/probe.json,,32k/capacity-probes/q8-q8/probe.stderr.log
Measured,resource_sample,32k,32768,31723,hybrid-fixed-cache,vram-8g-u16/q8-q8,q8-q8,q8_0,q8_0,8,2048,16,13008.91,561.01,112.57,673.5799999999999,73.47,5.19,30,239.0,14287.0,14048.0,16376.0,2089.0,17.478,73.85,64.0,32k/vram-8g-u16/q8-q8/q8-q8-run-1.json,32k/vram-8g-u16/q8-q8/q8-q8-run-1.resources.csv,32k/vram-8g-u16/q8-q8/q8-q8-run-1.stderr.log
Measured,roundtrip_allocation,32k,32768,31723,roundtrip,kv-roundtrip/q8-q8,q8-q8,q8_0,q8_0,,8192,8192,4459.62,561.01,112.57,673.5799999999999,8160.0,929.52,,,,,,,,,,32k/kv-roundtrip/q8-q8/roundtrip.json,,32k/kv-roundtrip/q8-q8/roundtrip.stderr.log
Measured,resource_sample,64k,65536,64491,hybrid-fixed-cache,vram-safe-u16,f16-f16,f16,f16,6,2048,16,10866.63,2112.0,112.57,2224.57,56.35,6.8,61,207.0,13644.0,13437.0,16376.0,2732.0,15.263,75.61,97.0,64k/vram-safe-u16/f16-f16-pool6g-run-1.json,64k/vram-safe-u16/f16-f16-pool6g-run-1.resources.csv,64k/vram-safe-u16/f16-f16-pool6g-run-1.stderr.log
Measured,roundtrip_allocation,64k,65536,64491,roundtrip,kv-roundtrip/f16-f16,f16-f16,f16,f16,,7168,7168,4459.62,2112.0,112.57,2224.57,7535.98,1485.52,,,,,,,,,,64k/kv-roundtrip/f16-f16/roundtrip.json,,64k/kv-roundtrip/f16-f16/roundtrip.stderr.log
Measured,resource_sample,64k,65536,64491,hybrid-fixed-cache,vram-safe-u16,q4-q4,q4_0,q4_0,8,2048,16,13008.91,594.01,112.57,706.5799999999999,141.35,7.06,64,204.0,14354.0,14150.0,16376.0,2022.0,17.115,76.96,74.0,64k/vram-safe-u16/q4-q4-pool8g-run-1.json,64k/vram-safe-u16/q4-q4-pool8g-run-1.resources.csv,64k/vram-safe-u16/q4-q4-pool8g-run-1.stderr.log
Measured,roundtrip_allocation,64k,65536,64491,roundtrip,kv-roundtrip/q4-q4,q4-q4,q4_0,q4_0,,8192,8192,4459.62,594.01,112.57,706.5799999999999,9515.13,1697.89,,,,,,,,,,64k/kv-roundtrip/q4-q4/roundtrip.json,,64k/kv-roundtrip/q4-q4/roundtrip.stderr.log
Measured,resource_sample,64k,65536,64491,hybrid-fixed-cache,vram-safe-u16,q8-q4,q8_0,q4_0,8,2048,16,13008.91,834.01,112.57,946.5799999999999,141.35,7.06,67,204.0,14594.0,14390.0,16376.0,1782.0,17.167,76.69,97.0,64k/vram-safe-u16/q8-q4-pool8g-run-1.json,64k/vram-safe-u16/q8-q4-pool8g-run-1.resources.csv,64k/vram-safe-u16/q8-q4-pool8g-run-1.stderr.log
Measured,roundtrip_allocation,64k,65536,64491,roundtrip,kv-roundtrip/q8-q4,q8-q4,q8_0,q4_0,,8192,8192,4459.62,834.01,112.57,946.5799999999999,9515.13,1697.89,,,,,,,,,,64k/kv-roundtrip/q8-q4/roundtrip.json,,64k/kv-roundtrip/q8-q4/roundtrip.stderr.log
Measured,resource_sample,64k,65536,64491,hybrid-fixed-cache,vram-safe-u16,q8-q8,q8_0,q8_0,8,2048,16,13008.91,1122.01,112.57,1234.58,141.35,7.06,67,207.0,14882.0,14675.0,16376.0,1494.0,17.269,77.35,65.0,64k/vram-safe-u16/q8-q8-pool8g-run-1.json,64k/vram-safe-u16/q8-q8-pool8g-run-1.resources.csv,64k/vram-safe-u16/q8-q8-pool8g-run-1.stderr.log
Measured,roundtrip_allocation,64k,65536,64491,roundtrip,kv-roundtrip/q8-q8,q8-q8,q8_0,q8_0,,8192,8192,4459.62,1122.01,112.57,1234.58,9515.13,1697.89,,,,,,,,,,64k/kv-roundtrip/q8-q8/roundtrip.json,,64k/kv-roundtrip/q8-q8/roundtrip.stderr.log
Measured,capacity_probe_allocation,128k,131072,2,cold-only,batch-capacity-probes/f16-f16-b4096,f16-f16,f16,f16,,4096,4096,4459.62,4224.0,112.57,4336.57,7486.56,1617.94,,,,,,,,,,128k/batch-capacity-probes/f16-f16-b4096/probe.json,,128k/batch-capacity-probes/f16-f16-b4096/probe.stderr.log
Measured,capacity_probe_allocation,128k,131072,2,cold-only,capacity-probes/f16-f16,f16-f16,f16,f16,,1,1,4459.62,4224.0,112.57,4336.57,98.19,2.07,,,,,,,,,,128k/capacity-probes/f16-f16/probe.json,,128k/capacity-probes/f16-f16/probe.stderr.log
Measured,capacity_probe_allocation,128k,131072,2,cold-only,safe-batch-probes/f16-f16-b2048,f16-f16,f16,f16,,2048,2048,4459.62,4224.0,112.57,4336.57,4168.28,809.72,,,,,,,,,,128k/safe-batch-probes/f16-f16-b2048/probe.json,,128k/safe-batch-probes/f16-f16-b2048/probe.stderr.log
Measured,capacity_probe_allocation,128k,131072,2,cold-only,safe-batch-probes/f16-f16-b3072,f16-f16,f16,f16,,3072,3072,4459.62,4224.0,112.57,4336.57,5827.42,1213.83,,,,,,,,,,128k/safe-batch-probes/f16-f16-b3072/probe.json,,128k/safe-batch-probes/f16-f16-b3072/probe.stderr.log
Measured,resource_sample,128k,131072,130027,roundtrip,kv-roundtrip/f16-f16,f16-f16,f16,f16,,3072,3072,4459.62,4224.0,112.57,4336.57,5827.42,1213.83,265,487.0,15447.0,14960.0,16376.0,929.0,56.441,,100.0,128k/kv-roundtrip/f16-f16/roundtrip.json,128k/kv-roundtrip/f16-f16/resources.csv,128k/kv-roundtrip/f16-f16/roundtrip.stderr.log
Measured,resource_sample,128k,131072,130027,hybrid-fixed-cache,vram-safe-u16,f16-f16,f16,f16,6,2048,16,10866.63,4224.0,112.57,4336.57,108.1,10.55,70,204.0,15745.0,15541.0,16376.0,631.0,14.451,78.06,99.0,128k/vram-safe-u16/f16-f16-pool6g-run-1.json,128k/vram-safe-u16/f16-f16-pool6g-run-1.resources.csv,128k/vram-safe-u16/f16-f16-pool6g-run-1.stderr.log
Measured,roundtrip_allocation,128k,131072,130027,roundtrip,kv-roundtrip/f16-f16,f16-f16,f16,f16,,3072,3072,4459.62,4224.0,112.57,4336.57,5827.42,1213.83,,,,,,,,,,128k/kv-roundtrip/f16-f16/roundtrip.json,,128k/kv-roundtrip/f16-f16/roundtrip.stderr.log
Measured,capacity_probe_allocation,128k,131072,2,cold-only,batch-capacity-probes/q4-q4-b8192,q4-q4,q4_0,q4_0,,8192,8192,4459.62,1188.01,112.57,1300.58,16171.13,3234.64,,,,,,,,,,128k/batch-capacity-probes/q4-q4-b8192/probe.json,,128k/batch-capacity-probes/q4-q4-b8192/probe.stderr.log
Measured,capacity_probe_allocation,128k,131072,2,cold-only,capacity-probes/q4-q4,q4-q4,q4_0,q4_0,,1,1,4459.62,1188.01,112.57,1300.58,98.44,2.33,,,,,,,,,,128k/capacity-probes/q4-q4/probe.json,,128k/capacity-probes/q4-q4/probe.stderr.log
Measured,capacity_probe_allocation,128k,131072,2,cold-only,safe-batch-probes/q4-q4-b4096,q4-q4,q4_0,q4_0,,4096,4096,4459.62,1188.01,112.57,1300.58,7486.56,1618.2,,,,,,,,,,128k/safe-batch-probes/q4-q4-b4096/probe.json,,128k/safe-batch-probes/q4-q4-b4096/probe.stderr.log
Measured,resource_sample,128k,131072,130027,roundtrip,kv-roundtrip/q4-q4,q4-q4,q4_0,q4_0,,4096,4096,4459.62,1188.01,112.57,1300.58,7486.56,1618.2,249,487.0,14075.0,13588.0,16376.0,2301.0,56.83,,100.0,128k/kv-roundtrip/q4-q4/roundtrip.json,128k/kv-roundtrip/q4-q4/resources.csv,128k/kv-roundtrip/q4-q4/roundtrip.stderr.log
Measured,resource_sample,128k,131072,130027,hybrid-fixed-cache,vram-safe-u16,q4-q4,q4_0,q4_0,8,2048,16,13008.91,1188.01,112.57,1300.58,276.97,10.81,72,204.0,15085.0,14881.0,16376.0,1291.0,16.115,77.63,75.0,128k/vram-safe-u16/q4-q4-pool8g-run-1.json,128k/vram-safe-u16/q4-q4-pool8g-run-1.resources.csv,128k/vram-safe-u16/q4-q4-pool8g-run-1.stderr.log
Measured,roundtrip_allocation,128k,131072,130027,roundtrip,kv-roundtrip/q4-q4,q4-q4,q4_0,q4_0,,4096,4096,4459.62,1188.01,112.57,1300.58,7486.56,1618.2,,,,,,,,,,128k/kv-roundtrip/q4-q4/roundtrip.json,,128k/kv-roundtrip/q4-q4/roundtrip.stderr.log
Measured,capacity_probe_allocation,128k,131072,2,cold-only,batch-capacity-probes/q8-q4-b8192,q8-q4,q8_0,q4_0,,8192,8192,4459.62,1668.01,112.57,1780.58,16171.13,3234.64,,,,,,,,,,128k/batch-capacity-probes/q8-q4-b8192/probe.json,,128k/batch-capacity-probes/q8-q4-b8192/probe.stderr.log
Measured,capacity_probe_allocation,128k,131072,2,cold-only,capacity-probes/q8-q4,q8-q4,q8_0,q4_0,,1,1,4459.62,1668.01,112.57,1780.58,98.44,2.33,,,,,,,,,,128k/capacity-probes/q8-q4/probe.json,,128k/capacity-probes/q8-q4/probe.stderr.log
Measured,capacity_probe_allocation,128k,131072,2,cold-only,safe-batch-probes/q8-q4-b4096,q8-q4,q8_0,q4_0,,4096,4096,4459.62,1668.01,112.57,1780.58,7486.56,1618.2,,,,,,,,,,128k/safe-batch-probes/q8-q4-b4096/probe.json,,128k/safe-batch-probes/q8-q4-b4096/probe.stderr.log
Measured,resource_sample,128k,131072,130027,hybrid-fixed-cache,vram-safe-u16,q8-q4,q8_0,q4_0,8,2048,16,13008.91,1668.01,112.57,1780.58,276.97,10.81,72,204.0,15565.0,15361.0,16376.0,811.0,16.193,76.94,97.0,128k/vram-safe-u16/q8-q4-pool8g-run-1.json,128k/vram-safe-u16/q8-q4-pool8g-run-1.resources.csv,128k/vram-safe-u16/q8-q4-pool8g-run-1.stderr.log
Measured,roundtrip_allocation,128k,131072,130027,roundtrip,kv-roundtrip/q8-q4,q8-q4,q8_0,q4_0,,4096,4096,4459.62,1668.01,112.57,1780.58,7486.56,1618.2,,,,,,,,,,128k/kv-roundtrip/q8-q4/roundtrip.json,,128k/kv-roundtrip/q8-q4/roundtrip.stderr.log
Measured,capacity_probe_allocation,192k,196608,2,cold-only,capacity-probes/q4-q4-b3072,q4-q4,q4_0,q4_0,,3072,3072,4459.62,1782.01,112.57,1894.58,7939.42,1790.84,,,,,,,,,,192k/capacity-probes/q4-q4-b3072/probe.json,,192k/capacity-probes/q4-q4-b3072/probe.stderr.log
Measured,capacity_probe_allocation,192k,196608,2,cold-only,capacity-probes/q4-q4-u1,q4-q4,q4_0,q4_0,,1,1,4459.62,1782.01,112.57,1894.58,147.38,3.27,,,,,,,,,,192k/capacity-probes/q4-q4-u1/probe.json,,192k/capacity-probes/q4-q4-u1/probe.stderr.log
Measured,resource_sample,192k,196608,195563,roundtrip,kv-roundtrip/q4-q4,q4-q4,q4_0,q4_0,,3072,3072,4459.62,1782.01,112.57,1894.58,7939.42,1790.84,429,487.0,15119.0,14632.0,16376.0,1257.0,56.91,,100.0,192k/kv-roundtrip/q4-q4/roundtrip.json,192k/kv-roundtrip/q4-q4/resources.csv,192k/kv-roundtrip/q4-q4/roundtrip.stderr.log
Measured,resource_sample,192k,196608,195563,hybrid-fixed-cache,vram-adaptive-u16,q4-q4,q4_0,q4_0,8,2048,16,13008.91,1782.01,112.57,1894.58,412.72,14.56,78,204.0,15751.0,15547.0,16376.0,625.0,16.293,76.41,97.0,192k/vram-adaptive-u16/q4-q4-pool8g-run-1.json,192k/vram-adaptive-u16/q4-q4-pool8g-run-1.resources.csv,192k/vram-adaptive-u16/q4-q4-pool8g-run-1.stderr.log
Measured,roundtrip_allocation,192k,196608,195563,roundtrip,kv-roundtrip/q4-q4,q4-q4,q4_0,q4_0,,3072,3072,4459.62,1782.01,112.57,1894.58,7939.42,1790.84,,,,,,,,,,192k/kv-roundtrip/q4-q4/roundtrip.json,,192k/kv-roundtrip/q4-q4/roundtrip.stderr.log
Measured,capacity_probe_allocation,192k,196608,2,cold-only,capacity-probes/q8-q4-b2048,q8-q4,q8_0,q4_0,,2048,2048,4459.62,2502.01,112.57,2614.5800000000004,5576.28,1194.73,,,,,,,,,,192k/capacity-probes/q8-q4-b2048/probe.json,,192k/capacity-probes/q8-q4-b2048/probe.stderr.log
Measured,capacity_probe_allocation,192k,196608,2,cold-only,capacity-probes/q8-q4-b2560,q8-q4,q8_0,q4_0,,2560,2560,4459.62,2502.01,112.57,2614.5800000000004,6757.85,1492.79,,,,,,,,,,192k/capacity-probes/q8-q4-b2560/probe.json,,192k/capacity-probes/q8-q4-b2560/probe.stderr.log
Measured,capacity_probe_allocation,192k,196608,2,cold-only,capacity-probes/q8-q4-u1,q8-q4,q8_0,q4_0,,1,1,4459.62,2502.01,112.57,2614.5800000000004,147.38,3.27,,,,,,,,,,192k/capacity-probes/q8-q4-u1/probe.json,,192k/capacity-probes/q8-q4-u1/probe.stderr.log
Measured,resource_sample,192k,196608,195563,roundtrip,kv-roundtrip/q8-q4,q8-q4,q8_0,q4_0,,2560,2560,4459.62,2502.01,112.57,2614.5800000000004,6757.85,1492.79,449,491.0,14661.0,14170.0,16376.0,1715.0,56.669,,100.0,192k/kv-roundtrip/q8-q4/roundtrip.json,192k/kv-roundtrip/q8-q4/resources.csv,192k/kv-roundtrip/q8-q4/roundtrip.stderr.log
Measured,resource_sample,192k,196608,195563,hybrid-fixed-cache,vram-adaptive-u16,q8-q4,q8_0,q4_0,6,2048,16,10866.63,2502.01,112.57,2614.5800000000004,412.72,14.56,75,204.0,14393.0,14189.0,16376.0,1983.0,14.429,78.38,86.0,192k/vram-adaptive-u16/q8-q4-pool6g-run-1.json,192k/vram-adaptive-u16/q8-q4-pool6g-run-1.resources.csv,192k/vram-adaptive-u16/q8-q4-pool6g-run-1.stderr.log
Measured,roundtrip_allocation,192k,196608,195563,roundtrip,kv-roundtrip/q8-q4,q8-q4,q8_0,q4_0,,2560,2560,4459.62,2502.01,112.57,2614.5800000000004,6757.85,1492.79,,,,,,,,,,192k/kv-roundtrip/q8-q4/roundtrip.json,,192k/kv-roundtrip/q8-q4/roundtrip.stderr.log
Measured,capacity_probe_allocation,262k,262144,2,cold-only,capacity-probes/q4-q4-b2048,q4-q4,q4_0,q4_0,,2048,2048,4459.62,2376.01,112.57,2488.5800000000004,6984.28,1579.48,,,,,,,,,,262k/capacity-probes/q4-q4-b2048/probe.json,,262k/capacity-probes/q4-q4-b2048/probe.stderr.log
Measured,capacity_probe_allocation,262k,262144,2,cold-only,capacity-probes/q4-q4-u1,q4-q4,q4_0,q4_0,,1,1,4459.62,2376.01,112.57,2488.5800000000004,196.32,4.21,,,,,,,,,,262k/capacity-probes/q4-q4-u1/probe.json,,262k/capacity-probes/q4-q4-u1/probe.stderr.log
Measured,resource_sample,262k,262144,261099,roundtrip,kv-roundtrip/q4-q4,q4-q4,q4_0,q4_0,,2048,2048,4459.62,2376.01,112.57,2488.5800000000004,6984.28,1579.48,705,487.0,14761.0,14274.0,16376.0,1615.0,56.884,,100.0,262k/kv-roundtrip/q4-q4/roundtrip.json,262k/kv-roundtrip/q4-q4/resources.csv,262k/kv-roundtrip/q4-q4/roundtrip.stderr.log
Measured,resource_sample,262k,262144,261099,hybrid-fixed-cache,vram-adaptive-u16,q4-q4,q4_0,q4_0,6,2048,16,10866.63,2376.01,112.57,2488.5800000000004,548.47,18.31,19,576.0,14778.0,14202.0,16376.0,1598.0,14.199,75.33,27.0,262k/vram-adaptive-u16/q4-q4-pool6g-run-1.json,262k/vram-adaptive-u16/q4-q4-pool6g-run-1.resources.csv,262k/vram-adaptive-u16/q4-q4-pool6g-run-1.stderr.log
Measured,roundtrip_allocation,262k,262144,261099,roundtrip,kv-roundtrip/q4-q4,q4-q4,q4_0,q4_0,,2048,2048,4459.62,2376.01,112.57,2488.5800000000004,6984.28,1579.48,,,,,,,,,,262k/kv-roundtrip/q4-q4/roundtrip.json,,262k/kv-roundtrip/q4-q4/roundtrip.stderr.log
Measured,capacity_probe_allocation,262k,262144,2,cold-only,capacity-probes/q8-q4-b1536,q8-q4,q8_0,q4_0,,1536,1536,4459.62,3336.01,112.57,3448.5800000000004,5450.71,1185.43,,,,,,,,,,262k/capacity-probes/q8-q4-b1536/probe.json,,262k/capacity-probes/q8-q4-b1536/probe.stderr.log
Measured,capacity_probe_allocation,262k,262144,2,cold-only,capacity-probes/q8-q4-u1,q8-q4,q8_0,q4_0,,1,1,4459.62,3336.01,112.57,3448.5800000000004,196.32,4.21,,,,,,,,,,262k/capacity-probes/q8-q4-u1/probe.json,,262k/capacity-probes/q8-q4-u1/probe.stderr.log
Measured,resource_sample,262k,262144,261099,roundtrip,kv-roundtrip/q8-q4,q8-q4,q8_0,q4_0,,1536,1536,4459.62,3336.01,112.57,3448.5800000000004,5450.71,1185.43,769,487.0,14185.0,13698.0,16376.0,2191.0,56.408,,100.0,262k/kv-roundtrip/q8-q4/roundtrip.json,262k/kv-roundtrip/q8-q4/resources.csv,262k/kv-roundtrip/q8-q4/roundtrip.stderr.log
Measured,resource_sample,262k,262144,261099,hybrid-fixed-cache,vram-adaptive-u16,q8-q4,q8_0,q4_0,4,2048,16,8741.41,3336.01,112.57,3448.5800000000004,548.47,18.31,18,575.0,13611.0,13036.0,16376.0,2765.0,12.293,74.36,46.0,262k/vram-adaptive-u16/q8-q4-pool4g-run-1.json,262k/vram-adaptive-u16/q8-q4-pool4g-run-1.resources.csv,262k/vram-adaptive-u16/q8-q4-pool4g-run-1.stderr.log
Measured,resource_sample,262k,262144,261099,hybrid-fixed-cache,vram-adaptive-u16,q8-q4,q8_0,q4_0,6,2048,16,10866.63,3336.01,112.57,3448.5800000000004,548.47,18.31,19,577.0,15739.0,15162.0,16376.0,637.0,13.735,74.27,53.0,262k/vram-adaptive-u16/q8-q4-pool6g-run-1.json,262k/vram-adaptive-u16/q8-q4-pool6g-run-1.resources.csv,262k/vram-adaptive-u16/q8-q4-pool6g-run-1.stderr.log
Measured,roundtrip_allocation,262k,262144,261099,roundtrip,kv-roundtrip/q8-q4,q8-q4,q8_0,q4_0,,1536,1536,4459.62,3336.01,112.57,3448.5800000000004,5450.71,1185.43,,,,,,,,,,262k/kv-roundtrip/q8-q4/roundtrip.json,,262k/kv-roundtrip/q8-q4/roundtrip.stderr.log
