graph_id,node_index,op,fused_nodes,worker_us,barrier_us,graph_elapsed_us,name,src0,src1
0,0,GET_ROWS,0,13,0,13,"model.input_embed","token_embd.weight","inp_tokens"
1,3,MUL_MAT_ID,0,164,238,1329,"ffn_moe_down-0","blk.0.ffn_down_exps.weight","ffn_moe_swiglu-0"
3,3,MUL_MAT_ID,0,209,1,614,"ffn_moe_down-1","blk.1.ffn_down_exps.weight","ffn_moe_swiglu-1"
4,3,MUL_MAT_ID,0,335,6,875,"ffn_moe_down-2","blk.2.ffn_down_exps.weight","ffn_moe_swiglu-2"
5,3,MUL_MAT_ID,0,205,16,756,"ffn_moe_down-3","blk.3.ffn_down_exps.weight","ffn_moe_swiglu-3"
6,3,MUL_MAT_ID,0,350,3,743,"ffn_moe_down-4","blk.4.ffn_down_exps.weight","ffn_moe_swiglu-4"
7,3,MUL_MAT_ID,0,210,7,611,"ffn_moe_down-5","blk.5.ffn_down_exps.weight","ffn_moe_swiglu-5"
8,3,MUL_MAT_ID,0,190,23,603,"ffn_moe_down-6","blk.6.ffn_down_exps.weight","ffn_moe_swiglu-6"
9,3,MUL_MAT_ID,0,219,9,631,"ffn_moe_down-7","blk.7.ffn_down_exps.weight","ffn_moe_swiglu-7"
10,3,MUL_MAT_ID,0,183,44,670,"ffn_moe_down-8","blk.8.ffn_down_exps.weight","ffn_moe_swiglu-8"
11,3,MUL_MAT_ID,0,164,54,644,"ffn_moe_down-9","blk.9.ffn_down_exps.weight","ffn_moe_swiglu-9"
12,3,MUL_MAT_ID,0,338,23,1082,"ffn_moe_down-10","blk.10.ffn_down_exps.weight","ffn_moe_swiglu-10"
13,3,MUL_MAT_ID,0,294,70,1010,"ffn_moe_down-11","blk.11.ffn_down_exps.weight","ffn_moe_swiglu-11"
14,3,MUL_MAT_ID,0,204,21,645,"ffn_moe_down-12","blk.12.ffn_down_exps.weight","ffn_moe_swiglu-12"
15,3,MUL_MAT_ID,0,161,54,637,"ffn_moe_down-13","blk.13.ffn_down_exps.weight","ffn_moe_swiglu-13"
16,3,MUL_MAT_ID,0,162,52,584,"ffn_moe_down-14","blk.14.ffn_down_exps.weight","ffn_moe_swiglu-14"
17,3,MUL_MAT_ID,0,166,40,590,"ffn_moe_down-15","blk.15.ffn_down_exps.weight","ffn_moe_swiglu-15"
18,3,MUL_MAT_ID,0,157,42,573,"ffn_moe_down-16","blk.16.ffn_down_exps.weight","ffn_moe_swiglu-16"
19,3,MUL_MAT_ID,0,205,25,672,"ffn_moe_down-17","blk.17.ffn_down_exps.weight","ffn_moe_swiglu-17"
20,3,MUL_MAT_ID,0,219,5,622,"ffn_moe_down-18","blk.18.ffn_down_exps.weight","ffn_moe_swiglu-18"
21,3,MUL_MAT_ID,0,216,17,644,"ffn_moe_down-19","blk.19.ffn_down_exps.weight","ffn_moe_swiglu-19"
22,3,MUL_MAT_ID,0,215,6,606,"ffn_moe_down-20","blk.20.ffn_down_exps.weight","ffn_moe_swiglu-20"
23,3,MUL_MAT_ID,0,216,7,598,"ffn_moe_down-21","blk.21.ffn_down_exps.weight","ffn_moe_swiglu-21"
24,3,MUL_MAT_ID,0,219,4,596,"ffn_moe_down-22","blk.22.ffn_down_exps.weight","ffn_moe_swiglu-22"
25,3,MUL_MAT_ID,0,221,0,609,"ffn_moe_down-23","blk.23.ffn_down_exps.weight","ffn_moe_swiglu-23"
26,3,MUL_MAT_ID,0,100,123,679,"ffn_moe_down-24","blk.24.ffn_down_exps.weight","ffn_moe_swiglu-24"
27,3,MUL_MAT_ID,0,96,117,582,"ffn_moe_down-25","blk.25.ffn_down_exps.weight","ffn_moe_swiglu-25"
28,3,MUL_MAT_ID,0,89,125,595,"ffn_moe_down-26","blk.26.ffn_down_exps.weight","ffn_moe_swiglu-26"
29,3,MUL_MAT_ID,0,94,119,596,"ffn_moe_down-27","blk.27.ffn_down_exps.weight","ffn_moe_swiglu-27"
30,3,MUL_MAT_ID,0,188,187,1050,"ffn_moe_down-28","blk.28.ffn_down_exps.weight","ffn_moe_swiglu-28"
31,3,MUL_MAT_ID,0,103,115,693,"ffn_moe_down-29","blk.29.ffn_down_exps.weight","ffn_moe_swiglu-29"
32,3,MUL_MAT_ID,0,189,129,692,"ffn_moe_down-30","blk.30.ffn_down_exps.weight","ffn_moe_swiglu-30"
33,3,MUL_MAT_ID,0,90,121,594,"ffn_moe_down-31","blk.31.ffn_down_exps.weight","ffn_moe_swiglu-31"
34,3,MUL_MAT_ID,0,126,98,632,"ffn_moe_down-32","blk.32.ffn_down_exps.weight","ffn_moe_swiglu-32"
35,3,MUL_MAT_ID,0,140,90,615,"ffn_moe_down-33","blk.33.ffn_down_exps.weight","ffn_moe_swiglu-33"
36,3,MUL_MAT_ID,0,207,15,634,"ffn_moe_down-34","blk.34.ffn_down_exps.weight","ffn_moe_swiglu-34"
37,3,MUL_MAT_ID,0,211,3,631,"ffn_moe_down-35","blk.35.ffn_down_exps.weight","ffn_moe_swiglu-35"
38,3,MUL_MAT_ID,0,94,120,593,"ffn_moe_down-36","blk.36.ffn_down_exps.weight","ffn_moe_swiglu-36"
39,3,MUL_MAT_ID,0,100,119,609,"ffn_moe_down-37","blk.37.ffn_down_exps.weight","ffn_moe_swiglu-37"
40,3,MUL_MAT_ID,0,102,115,599,"ffn_moe_down-38","blk.38.ffn_down_exps.weight","ffn_moe_swiglu-38"
41,3,MUL_MAT_ID,0,226,2,643,"ffn_moe_down-39","blk.39.ffn_down_exps.weight","ffn_moe_swiglu-39"
42,3,MUL_MAT_ID,0,212,1,607,"ffn_moe_down-40","blk.40.ffn_down_exps.weight","ffn_moe_swiglu-40"
43,3,MUL_MAT_ID,0,199,20,585,"ffn_moe_down-41","blk.41.ffn_down_exps.weight","ffn_moe_swiglu-41"
44,3,MUL_MAT_ID,0,189,22,579,"ffn_moe_down-42","blk.42.ffn_down_exps.weight","ffn_moe_swiglu-42"
45,3,MUL_MAT_ID,0,188,21,583,"ffn_moe_down-43","blk.43.ffn_down_exps.weight","ffn_moe_swiglu-43"
46,3,MUL_MAT_ID,0,222,11,682,"ffn_moe_down-44","blk.44.ffn_down_exps.weight","ffn_moe_swiglu-44"
47,3,MUL_MAT_ID,0,219,7,610,"ffn_moe_down-45","blk.45.ffn_down_exps.weight","ffn_moe_swiglu-45"
48,3,MUL_MAT_ID,0,309,9,685,"ffn_moe_down-46","blk.46.ffn_down_exps.weight","ffn_moe_swiglu-46"
49,3,MUL_MAT_ID,0,327,5,719,"ffn_moe_down-47","blk.47.ffn_down_exps.weight","ffn_moe_swiglu-47"
50,0,GET_ROWS,0,4,0,4,"model.input_embed","token_embd.weight","inp_tokens"
51,3,MUL_MAT_ID,0,316,40,1143,"ffn_moe_down-0","blk.0.ffn_down_exps.weight","ffn_moe_swiglu-0"
53,3,MUL_MAT_ID,0,200,6,587,"ffn_moe_down-1","blk.1.ffn_down_exps.weight","ffn_moe_swiglu-1"
54,3,MUL_MAT_ID,0,318,5,723,"ffn_moe_down-2","blk.2.ffn_down_exps.weight","ffn_moe_swiglu-2"
55,3,MUL_MAT_ID,0,198,1,567,"ffn_moe_down-3","blk.3.ffn_down_exps.weight","ffn_moe_swiglu-3"
56,3,MUL_MAT_ID,0,535,58,1292,"ffn_moe_down-4","blk.4.ffn_down_exps.weight","ffn_moe_swiglu-4"
57,3,MUL_MAT_ID,0,148,69,605,"ffn_moe_down-5","blk.5.ffn_down_exps.weight","ffn_moe_swiglu-5"
58,3,MUL_MAT_ID,0,192,29,625,"ffn_moe_down-6","blk.6.ffn_down_exps.weight","ffn_moe_swiglu-6"
59,3,MUL_MAT_ID,0,331,41,1031,"ffn_moe_down-7","blk.7.ffn_down_exps.weight","ffn_moe_swiglu-7"
60,3,MUL_MAT_ID,0,208,14,602,"ffn_moe_down-8","blk.8.ffn_down_exps.weight","ffn_moe_swiglu-8"
61,3,MUL_MAT_ID,0,223,10,650,"ffn_moe_down-9","blk.9.ffn_down_exps.weight","ffn_moe_swiglu-9"
62,3,MUL_MAT_ID,0,220,20,671,"ffn_moe_down-10","blk.10.ffn_down_exps.weight","ffn_moe_swiglu-10"
63,3,MUL_MAT_ID,0,107,116,760,"ffn_moe_down-11","blk.11.ffn_down_exps.weight","ffn_moe_swiglu-11"
64,3,MUL_MAT_ID,0,207,190,1190,"ffn_moe_down-12","blk.12.ffn_down_exps.weight","ffn_moe_swiglu-12"
65,3,MUL_MAT_ID,0,136,89,596,"ffn_moe_down-13","blk.13.ffn_down_exps.weight","ffn_moe_swiglu-13"
66,3,MUL_MAT_ID,0,143,84,625,"ffn_moe_down-14","blk.14.ffn_down_exps.weight","ffn_moe_swiglu-14"
67,3,MUL_MAT_ID,0,139,291,1153,"ffn_moe_down-15","blk.15.ffn_down_exps.weight","ffn_moe_swiglu-15"
68,3,MUL_MAT_ID,0,114,99,589,"ffn_moe_down-16","blk.16.ffn_down_exps.weight","ffn_moe_swiglu-16"
69,3,MUL_MAT_ID,0,125,89,583,"ffn_moe_down-17","blk.17.ffn_down_exps.weight","ffn_moe_swiglu-17"
70,3,MUL_MAT_ID,0,117,97,595,"ffn_moe_down-18","blk.18.ffn_down_exps.weight","ffn_moe_swiglu-18"
71,3,MUL_MAT_ID,0,127,101,708,"ffn_moe_down-19","blk.19.ffn_down_exps.weight","ffn_moe_swiglu-19"
72,3,MUL_MAT_ID,0,208,15,713,"ffn_moe_down-20","blk.20.ffn_down_exps.weight","ffn_moe_swiglu-20"
73,3,MUL_MAT_ID,0,206,14,613,"ffn_moe_down-21","blk.21.ffn_down_exps.weight","ffn_moe_swiglu-21"
74,3,MUL_MAT_ID,0,205,16,616,"ffn_moe_down-22","blk.22.ffn_down_exps.weight","ffn_moe_swiglu-22"
75,3,MUL_MAT_ID,0,184,25,580,"ffn_moe_down-23","blk.23.ffn_down_exps.weight","ffn_moe_swiglu-23"
76,3,MUL_MAT_ID,0,218,3,623,"ffn_moe_down-24","blk.24.ffn_down_exps.weight","ffn_moe_swiglu-24"
77,3,MUL_MAT_ID,0,213,5,632,"ffn_moe_down-25","blk.25.ffn_down_exps.weight","ffn_moe_swiglu-25"
78,3,MUL_MAT_ID,0,436,37,1430,"ffn_moe_down-26","blk.26.ffn_down_exps.weight","ffn_moe_swiglu-26"
79,3,MUL_MAT_ID,0,205,1,577,"ffn_moe_down-27","blk.27.ffn_down_exps.weight","ffn_moe_swiglu-27"
80,3,MUL_MAT_ID,0,292,118,1244,"ffn_moe_down-28","blk.28.ffn_down_exps.weight","ffn_moe_swiglu-28"
81,3,MUL_MAT_ID,0,230,5,654,"ffn_moe_down-29","blk.29.ffn_down_exps.weight","ffn_moe_swiglu-29"
82,3,MUL_MAT_ID,0,310,8,686,"ffn_moe_down-30","blk.30.ffn_down_exps.weight","ffn_moe_swiglu-30"
83,3,MUL_MAT_ID,0,160,37,563,"ffn_moe_down-31","blk.31.ffn_down_exps.weight","ffn_moe_swiglu-31"
84,3,MUL_MAT_ID,0,161,43,564,"ffn_moe_down-32","blk.32.ffn_down_exps.weight","ffn_moe_swiglu-32"
85,3,MUL_MAT_ID,0,235,54,776,"ffn_moe_down-33","blk.33.ffn_down_exps.weight","ffn_moe_swiglu-33"
86,3,MUL_MAT_ID,0,221,7,644,"ffn_moe_down-34","blk.34.ffn_down_exps.weight","ffn_moe_swiglu-34"
87,3,MUL_MAT_ID,0,227,6,641,"ffn_moe_down-35","blk.35.ffn_down_exps.weight","ffn_moe_swiglu-35"
88,3,MUL_MAT_ID,0,199,24,599,"ffn_moe_down-36","blk.36.ffn_down_exps.weight","ffn_moe_swiglu-36"
89,3,MUL_MAT_ID,0,199,21,725,"ffn_moe_down-37","blk.37.ffn_down_exps.weight","ffn_moe_swiglu-37"
90,3,MUL_MAT_ID,0,203,22,620,"ffn_moe_down-38","blk.38.ffn_down_exps.weight","ffn_moe_swiglu-38"
91,3,MUL_MAT_ID,0,214,7,637,"ffn_moe_down-39","blk.39.ffn_down_exps.weight","ffn_moe_swiglu-39"
92,3,MUL_MAT_ID,0,210,12,659,"ffn_moe_down-40","blk.40.ffn_down_exps.weight","ffn_moe_swiglu-40"
93,3,MUL_MAT_ID,0,204,19,580,"ffn_moe_down-41","blk.41.ffn_down_exps.weight","ffn_moe_swiglu-41"
94,3,MUL_MAT_ID,0,113,126,605,"ffn_moe_down-42","blk.42.ffn_down_exps.weight","ffn_moe_swiglu-42"
95,3,MUL_MAT_ID,0,106,161,642,"ffn_moe_down-43","blk.43.ffn_down_exps.weight","ffn_moe_swiglu-43"
96,3,MUL_MAT_ID,0,129,104,631,"ffn_moe_down-44","blk.44.ffn_down_exps.weight","ffn_moe_swiglu-44"
97,3,MUL_MAT_ID,0,102,120,619,"ffn_moe_down-45","blk.45.ffn_down_exps.weight","ffn_moe_swiglu-45"
98,3,MUL_MAT_ID,0,197,127,700,"ffn_moe_down-46","blk.46.ffn_down_exps.weight","ffn_moe_swiglu-46"
99,3,MUL_MAT_ID,0,198,128,712,"ffn_moe_down-47","blk.47.ffn_down_exps.weight","ffn_moe_swiglu-47"
100,0,GET_ROWS,0,17,0,17,"model.input_embed","token_embd.weight","inp_tokens"
101,3,MUL_MAT_ID,0,134,92,655,"ffn_moe_down-0","blk.0.ffn_down_exps.weight","ffn_moe_swiglu-0"
103,3,MUL_MAT_ID,0,194,30,636,"ffn_moe_down-1","blk.1.ffn_down_exps.weight","ffn_moe_swiglu-1"
104,3,MUL_MAT_ID,0,328,3,797,"ffn_moe_down-2","blk.2.ffn_down_exps.weight","ffn_moe_swiglu-2"
105,3,MUL_MAT_ID,0,189,37,612,"ffn_moe_down-3","blk.3.ffn_down_exps.weight","ffn_moe_swiglu-3"
106,3,MUL_MAT_ID,0,502,55,1311,"ffn_moe_down-4","blk.4.ffn_down_exps.weight","ffn_moe_swiglu-4"
107,3,MUL_MAT_ID,0,234,1,663,"ffn_moe_down-5","blk.5.ffn_down_exps.weight","ffn_moe_swiglu-5"
108,3,MUL_MAT_ID,0,205,21,610,"ffn_moe_down-6","blk.6.ffn_down_exps.weight","ffn_moe_swiglu-6"
109,3,MUL_MAT_ID,0,339,19,1044,"ffn_moe_down-7","blk.7.ffn_down_exps.weight","ffn_moe_swiglu-7"
110,3,MUL_MAT_ID,0,144,84,624,"ffn_moe_down-8","blk.8.ffn_down_exps.weight","ffn_moe_swiglu-8"
111,3,MUL_MAT_ID,0,175,55,604,"ffn_moe_down-9","blk.9.ffn_down_exps.weight","ffn_moe_swiglu-9"
112,3,MUL_MAT_ID,0,221,20,660,"ffn_moe_down-10","blk.10.ffn_down_exps.weight","ffn_moe_swiglu-10"
113,3,MUL_MAT_ID,0,490,2,1382,"ffn_moe_down-11","blk.11.ffn_down_exps.weight","ffn_moe_swiglu-11"
114,3,MUL_MAT_ID,0,222,7,625,"ffn_moe_down-12","blk.12.ffn_down_exps.weight","ffn_moe_swiglu-12"
115,3,MUL_MAT_ID,0,198,21,591,"ffn_moe_down-13","blk.13.ffn_down_exps.weight","ffn_moe_swiglu-13"
116,3,MUL_MAT_ID,0,305,75,1008,"ffn_moe_down-14","blk.14.ffn_down_exps.weight","ffn_moe_swiglu-14"
117,3,MUL_MAT_ID,0,208,20,646,"ffn_moe_down-15","blk.15.ffn_down_exps.weight","ffn_moe_swiglu-15"
118,3,MUL_MAT_ID,0,197,27,629,"ffn_moe_down-16","blk.16.ffn_down_exps.weight","ffn_moe_swiglu-16"
119,3,MUL_MAT_ID,0,195,22,600,"ffn_moe_down-17","blk.17.ffn_down_exps.weight","ffn_moe_swiglu-17"
120,3,MUL_MAT_ID,0,451,5,1351,"ffn_moe_down-18","blk.18.ffn_down_exps.weight","ffn_moe_swiglu-18"
121,3,MUL_MAT_ID,0,205,32,676,"ffn_moe_down-19","blk.19.ffn_down_exps.weight","ffn_moe_swiglu-19"
122,3,MUL_MAT_ID,0,222,3,615,"ffn_moe_down-20","blk.20.ffn_down_exps.weight","ffn_moe_swiglu-20"
123,3,MUL_MAT_ID,0,300,56,1087,"ffn_moe_down-21","blk.21.ffn_down_exps.weight","ffn_moe_swiglu-21"
124,3,MUL_MAT_ID,0,101,326,1381,"ffn_moe_down-22","blk.22.ffn_down_exps.weight","ffn_moe_swiglu-22"
125,3,MUL_MAT_ID,0,98,123,634,"ffn_moe_down-23","blk.23.ffn_down_exps.weight","ffn_moe_swiglu-23"
126,3,MUL_MAT_ID,0,102,130,650,"ffn_moe_down-24","blk.24.ffn_down_exps.weight","ffn_moe_swiglu-24"
127,3,MUL_MAT_ID,0,256,105,1012,"ffn_moe_down-25","blk.25.ffn_down_exps.weight","ffn_moe_swiglu-25"
128,3,MUL_MAT_ID,0,139,83,589,"ffn_moe_down-26","blk.26.ffn_down_exps.weight","ffn_moe_swiglu-26"
129,3,MUL_MAT_ID,0,141,79,596,"ffn_moe_down-27","blk.27.ffn_down_exps.weight","ffn_moe_swiglu-27"
130,3,MUL_MAT_ID,0,139,95,630,"ffn_moe_down-28","blk.28.ffn_down_exps.weight","ffn_moe_swiglu-28"
131,3,MUL_MAT_ID,0,131,90,601,"ffn_moe_down-29","blk.29.ffn_down_exps.weight","ffn_moe_swiglu-29"
132,3,MUL_MAT_ID,0,291,34,735,"ffn_moe_down-30","blk.30.ffn_down_exps.weight","ffn_moe_swiglu-30"
133,3,MUL_MAT_ID,0,144,79,599,"ffn_moe_down-31","blk.31.ffn_down_exps.weight","ffn_moe_swiglu-31"
134,3,MUL_MAT_ID,0,139,80,601,"ffn_moe_down-32","blk.32.ffn_down_exps.weight","ffn_moe_swiglu-32"
135,3,MUL_MAT_ID,0,133,90,589,"ffn_moe_down-33","blk.33.ffn_down_exps.weight","ffn_moe_swiglu-33"
136,3,MUL_MAT_ID,0,322,146,1300,"ffn_moe_down-34","blk.34.ffn_down_exps.weight","ffn_moe_swiglu-34"
137,3,MUL_MAT_ID,0,313,166,1254,"ffn_moe_down-35","blk.35.ffn_down_exps.weight","ffn_moe_swiglu-35"
138,3,MUL_MAT_ID,0,188,21,580,"ffn_moe_down-36","blk.36.ffn_down_exps.weight","ffn_moe_swiglu-36"
139,3,MUL_MAT_ID,0,181,190,996,"ffn_moe_down-37","blk.37.ffn_down_exps.weight","ffn_moe_swiglu-37"
140,3,MUL_MAT_ID,0,141,91,663,"ffn_moe_down-38","blk.38.ffn_down_exps.weight","ffn_moe_swiglu-38"
141,3,MUL_MAT_ID,0,91,119,583,"ffn_moe_down-39","blk.39.ffn_down_exps.weight","ffn_moe_swiglu-39"
142,3,MUL_MAT_ID,0,147,207,994,"ffn_moe_down-40","blk.40.ffn_down_exps.weight","ffn_moe_swiglu-40"
143,3,MUL_MAT_ID,0,91,117,591,"ffn_moe_down-41","blk.41.ffn_down_exps.weight","ffn_moe_swiglu-41"
144,3,MUL_MAT_ID,0,208,4,615,"ffn_moe_down-42","blk.42.ffn_down_exps.weight","ffn_moe_swiglu-42"
145,3,MUL_MAT_ID,0,223,5,645,"ffn_moe_down-43","blk.43.ffn_down_exps.weight","ffn_moe_swiglu-43"
146,3,MUL_MAT_ID,0,111,105,619,"ffn_moe_down-44","blk.44.ffn_down_exps.weight","ffn_moe_swiglu-44"
147,3,MUL_MAT_ID,0,114,105,592,"ffn_moe_down-45","blk.45.ffn_down_exps.weight","ffn_moe_swiglu-45"
148,3,MUL_MAT_ID,0,193,125,695,"ffn_moe_down-46","blk.46.ffn_down_exps.weight","ffn_moe_swiglu-46"
149,3,MUL_MAT_ID,0,246,91,726,"ffn_moe_down-47","blk.47.ffn_down_exps.weight","ffn_moe_swiglu-47"
150,0,GET_ROWS,0,18,0,18,"model.input_embed","token_embd.weight","inp_tokens"
151,3,MUL_MAT_ID,0,256,188,1170,"ffn_moe_down-0","blk.0.ffn_down_exps.weight","ffn_moe_swiglu-0"
153,3,MUL_MAT_ID,0,275,125,1156,"ffn_moe_down-1","blk.1.ffn_down_exps.weight","ffn_moe_swiglu-1"
154,3,MUL_MAT_ID,0,354,200,1285,"ffn_moe_down-2","blk.2.ffn_down_exps.weight","ffn_moe_swiglu-2"
155,3,MUL_MAT_ID,0,394,87,1168,"ffn_moe_down-3","blk.3.ffn_down_exps.weight","ffn_moe_swiglu-3"
156,3,MUL_MAT_ID,0,448,164,1372,"ffn_moe_down-4","blk.4.ffn_down_exps.weight","ffn_moe_swiglu-4"
157,3,MUL_MAT_ID,0,208,7,602,"ffn_moe_down-5","blk.5.ffn_down_exps.weight","ffn_moe_swiglu-5"
158,3,MUL_MAT_ID,0,154,270,1173,"ffn_moe_down-6","blk.6.ffn_down_exps.weight","ffn_moe_swiglu-6"
159,3,MUL_MAT_ID,0,198,148,970,"ffn_moe_down-7","blk.7.ffn_down_exps.weight","ffn_moe_swiglu-7"
160,3,MUL_MAT_ID,0,177,129,983,"ffn_moe_down-8","blk.8.ffn_down_exps.weight","ffn_moe_swiglu-8"
161,3,MUL_MAT_ID,0,164,150,889,"ffn_moe_down-9","blk.9.ffn_down_exps.weight","ffn_moe_swiglu-9"
162,3,MUL_MAT_ID,0,149,208,970,"ffn_moe_down-10","blk.10.ffn_down_exps.weight","ffn_moe_swiglu-10"
163,3,MUL_MAT_ID,0,142,101,669,"ffn_moe_down-11","blk.11.ffn_down_exps.weight","ffn_moe_swiglu-11"
164,3,MUL_MAT_ID,0,121,88,589,"ffn_moe_down-12","blk.12.ffn_down_exps.weight","ffn_moe_swiglu-12"
165,3,MUL_MAT_ID,0,234,108,960,"ffn_moe_down-13","blk.13.ffn_down_exps.weight","ffn_moe_swiglu-13"
166,3,MUL_MAT_ID,0,118,89,572,"ffn_moe_down-14","blk.14.ffn_down_exps.weight","ffn_moe_swiglu-14"
167,3,MUL_MAT_ID,0,125,108,644,"ffn_moe_down-15","blk.15.ffn_down_exps.weight","ffn_moe_swiglu-15"
168,3,MUL_MAT_ID,0,117,266,1109,"ffn_moe_down-16","blk.16.ffn_down_exps.weight","ffn_moe_swiglu-16"
169,3,MUL_MAT_ID,0,92,124,601,"ffn_moe_down-17","blk.17.ffn_down_exps.weight","ffn_moe_swiglu-17"
170,3,MUL_MAT_ID,0,163,265,1172,"ffn_moe_down-18","blk.18.ffn_down_exps.weight","ffn_moe_swiglu-18"
171,3,MUL_MAT_ID,0,186,31,604,"ffn_moe_down-19","blk.19.ffn_down_exps.weight","ffn_moe_swiglu-19"
172,3,MUL_MAT_ID,0,336,62,1141,"ffn_moe_down-20","blk.20.ffn_down_exps.weight","ffn_moe_swiglu-20"
173,3,MUL_MAT_ID,0,209,10,586,"ffn_moe_down-21","blk.21.ffn_down_exps.weight","ffn_moe_swiglu-21"
174,3,MUL_MAT_ID,0,253,97,1050,"ffn_moe_down-22","blk.22.ffn_down_exps.weight","ffn_moe_swiglu-22"
175,3,MUL_MAT_ID,0,194,10,565,"ffn_moe_down-23","blk.23.ffn_down_exps.weight","ffn_moe_swiglu-23"
176,3,MUL_MAT_ID,0,394,1,1107,"ffn_moe_down-24","blk.24.ffn_down_exps.weight","ffn_moe_swiglu-24"
177,3,MUL_MAT_ID,0,182,31,665,"ffn_moe_down-25","blk.25.ffn_down_exps.weight","ffn_moe_swiglu-25"
178,3,MUL_MAT_ID,0,190,16,586,"ffn_moe_down-26","blk.26.ffn_down_exps.weight","ffn_moe_swiglu-26"
179,3,MUL_MAT_ID,0,339,32,1038,"ffn_moe_down-27","blk.27.ffn_down_exps.weight","ffn_moe_swiglu-27"
180,3,MUL_MAT_ID,0,206,3,572,"ffn_moe_down-28","blk.28.ffn_down_exps.weight","ffn_moe_swiglu-28"
181,3,MUL_MAT_ID,0,218,6,614,"ffn_moe_down-29","blk.29.ffn_down_exps.weight","ffn_moe_swiglu-29"
182,3,MUL_MAT_ID,0,332,1,806,"ffn_moe_down-30","blk.30.ffn_down_exps.weight","ffn_moe_swiglu-30"
183,3,MUL_MAT_ID,0,124,92,644,"ffn_moe_down-31","blk.31.ffn_down_exps.weight","ffn_moe_swiglu-31"
184,3,MUL_MAT_ID,0,124,91,597,"ffn_moe_down-32","blk.32.ffn_down_exps.weight","ffn_moe_swiglu-32"
185,3,MUL_MAT_ID,0,124,89,586,"ffn_moe_down-33","blk.33.ffn_down_exps.weight","ffn_moe_swiglu-33"
186,3,MUL_MAT_ID,0,128,96,635,"ffn_moe_down-34","blk.34.ffn_down_exps.weight","ffn_moe_swiglu-34"
187,3,MUL_MAT_ID,0,131,97,645,"ffn_moe_down-35","blk.35.ffn_down_exps.weight","ffn_moe_swiglu-35"
188,3,MUL_MAT_ID,0,135,84,628,"ffn_moe_down-36","blk.36.ffn_down_exps.weight","ffn_moe_swiglu-36"
189,3,MUL_MAT_ID,0,127,90,591,"ffn_moe_down-37","blk.37.ffn_down_exps.weight","ffn_moe_swiglu-37"
190,3,MUL_MAT_ID,0,130,87,588,"ffn_moe_down-38","blk.38.ffn_down_exps.weight","ffn_moe_swiglu-38"
191,3,MUL_MAT_ID,0,134,92,662,"ffn_moe_down-39","blk.39.ffn_down_exps.weight","ffn_moe_swiglu-39"
192,3,MUL_MAT_ID,0,263,112,1086,"ffn_moe_down-40","blk.40.ffn_down_exps.weight","ffn_moe_swiglu-40"
193,3,MUL_MAT_ID,0,136,81,606,"ffn_moe_down-41","blk.41.ffn_down_exps.weight","ffn_moe_swiglu-41"
194,3,MUL_MAT_ID,0,133,86,583,"ffn_moe_down-42","blk.42.ffn_down_exps.weight","ffn_moe_swiglu-42"
195,3,MUL_MAT_ID,0,122,95,583,"ffn_moe_down-43","blk.43.ffn_down_exps.weight","ffn_moe_swiglu-43"
196,3,MUL_MAT_ID,0,126,87,583,"ffn_moe_down-44","blk.44.ffn_down_exps.weight","ffn_moe_swiglu-44"
197,3,MUL_MAT_ID,0,221,130,1118,"ffn_moe_down-45","blk.45.ffn_down_exps.weight","ffn_moe_swiglu-45"
198,3,MUL_MAT_ID,0,336,13,753,"ffn_moe_down-46","blk.46.ffn_down_exps.weight","ffn_moe_swiglu-46"
199,3,MUL_MAT_ID,0,318,8,688,"ffn_moe_down-47","blk.47.ffn_down_exps.weight","ffn_moe_swiglu-47"
200,0,GET_ROWS,0,21,0,21,"model.input_embed","token_embd.weight","inp_tokens"
201,3,MUL_MAT_ID,0,233,10,673,"ffn_moe_down-0","blk.0.ffn_down_exps.weight","ffn_moe_swiglu-0"
203,3,MUL_MAT_ID,0,306,64,1017,"ffn_moe_down-1","blk.1.ffn_down_exps.weight","ffn_moe_swiglu-1"
204,3,MUL_MAT_ID,0,318,16,921,"ffn_moe_down-2","blk.2.ffn_down_exps.weight","ffn_moe_swiglu-2"
205,3,MUL_MAT_ID,0,162,59,594,"ffn_moe_down-3","blk.3.ffn_down_exps.weight","ffn_moe_swiglu-3"
206,3,MUL_MAT_ID,0,316,19,700,"ffn_moe_down-4","blk.4.ffn_down_exps.weight","ffn_moe_swiglu-4"
207,3,MUL_MAT_ID,0,504,27,1243,"ffn_moe_down-5","blk.5.ffn_down_exps.weight","ffn_moe_swiglu-5"
208,3,MUL_MAT_ID,0,220,7,657,"ffn_moe_down-6","blk.6.ffn_down_exps.weight","ffn_moe_swiglu-6"
209,3,MUL_MAT_ID,0,163,83,660,"ffn_moe_down-7","blk.7.ffn_down_exps.weight","ffn_moe_swiglu-7"
210,3,MUL_MAT_ID,0,123,97,626,"ffn_moe_down-8","blk.8.ffn_down_exps.weight","ffn_moe_swiglu-8"
211,3,MUL_MAT_ID,0,173,144,947,"ffn_moe_down-9","blk.9.ffn_down_exps.weight","ffn_moe_swiglu-9"
212,3,MUL_MAT_ID,0,126,90,578,"ffn_moe_down-10","blk.10.ffn_down_exps.weight","ffn_moe_swiglu-10"
213,3,MUL_MAT_ID,0,125,99,604,"ffn_moe_down-11","blk.11.ffn_down_exps.weight","ffn_moe_swiglu-11"
214,3,MUL_MAT_ID,0,143,86,631,"ffn_moe_down-12","blk.12.ffn_down_exps.weight","ffn_moe_swiglu-12"
215,3,MUL_MAT_ID,0,188,210,1098,"ffn_moe_down-13","blk.13.ffn_down_exps.weight","ffn_moe_swiglu-13"
216,3,MUL_MAT_ID,0,132,88,602,"ffn_moe_down-14","blk.14.ffn_down_exps.weight","ffn_moe_swiglu-14"
217,3,MUL_MAT_ID,0,125,91,584,"ffn_moe_down-15","blk.15.ffn_down_exps.weight","ffn_moe_swiglu-15"
218,3,MUL_MAT_ID,0,129,105,614,"ffn_moe_down-16","blk.16.ffn_down_exps.weight","ffn_moe_swiglu-16"
219,3,MUL_MAT_ID,0,130,99,654,"ffn_moe_down-17","blk.17.ffn_down_exps.weight","ffn_moe_swiglu-17"
220,3,MUL_MAT_ID,0,203,112,1011,"ffn_moe_down-18","blk.18.ffn_down_exps.weight","ffn_moe_swiglu-18"
221,3,MUL_MAT_ID,0,192,176,987,"ffn_moe_down-19","blk.19.ffn_down_exps.weight","ffn_moe_swiglu-19"
222,3,MUL_MAT_ID,0,249,188,1183,"ffn_moe_down-20","blk.20.ffn_down_exps.weight","ffn_moe_swiglu-20"
223,3,MUL_MAT_ID,0,132,91,648,"ffn_moe_down-21","blk.21.ffn_down_exps.weight","ffn_moe_swiglu-21"
224,3,MUL_MAT_ID,0,118,100,603,"ffn_moe_down-22","blk.22.ffn_down_exps.weight","ffn_moe_swiglu-22"
225,3,MUL_MAT_ID,0,126,92,599,"ffn_moe_down-23","blk.23.ffn_down_exps.weight","ffn_moe_swiglu-23"
226,3,MUL_MAT_ID,0,122,94,617,"ffn_moe_down-24","blk.24.ffn_down_exps.weight","ffn_moe_swiglu-24"
227,3,MUL_MAT_ID,0,122,93,589,"ffn_moe_down-25","blk.25.ffn_down_exps.weight","ffn_moe_swiglu-25"
228,3,MUL_MAT_ID,0,123,103,644,"ffn_moe_down-26","blk.26.ffn_down_exps.weight","ffn_moe_swiglu-26"
229,3,MUL_MAT_ID,0,131,100,644,"ffn_moe_down-27","blk.27.ffn_down_exps.weight","ffn_moe_swiglu-27"
230,3,MUL_MAT_ID,0,124,95,619,"ffn_moe_down-28","blk.28.ffn_down_exps.weight","ffn_moe_swiglu-28"
231,3,MUL_MAT_ID,0,135,73,571,"ffn_moe_down-29","blk.29.ffn_down_exps.weight","ffn_moe_swiglu-29"
232,3,MUL_MAT_ID,0,281,46,719,"ffn_moe_down-30","blk.30.ffn_down_exps.weight","ffn_moe_swiglu-30"
233,3,MUL_MAT_ID,0,131,100,670,"ffn_moe_down-31","blk.31.ffn_down_exps.weight","ffn_moe_swiglu-31"
234,3,MUL_MAT_ID,0,123,96,671,"ffn_moe_down-32","blk.32.ffn_down_exps.weight","ffn_moe_swiglu-32"
235,3,MUL_MAT_ID,0,136,97,683,"ffn_moe_down-33","blk.33.ffn_down_exps.weight","ffn_moe_swiglu-33"
236,3,MUL_MAT_ID,0,121,87,578,"ffn_moe_down-34","blk.34.ffn_down_exps.weight","ffn_moe_swiglu-34"
237,3,MUL_MAT_ID,0,119,95,597,"ffn_moe_down-35","blk.35.ffn_down_exps.weight","ffn_moe_swiglu-35"
238,3,MUL_MAT_ID,0,122,90,599,"ffn_moe_down-36","blk.36.ffn_down_exps.weight","ffn_moe_swiglu-36"
239,3,MUL_MAT_ID,0,126,102,634,"ffn_moe_down-37","blk.37.ffn_down_exps.weight","ffn_moe_swiglu-37"
240,3,MUL_MAT_ID,0,121,106,608,"ffn_moe_down-38","blk.38.ffn_down_exps.weight","ffn_moe_swiglu-38"
241,3,MUL_MAT_ID,0,125,98,596,"ffn_moe_down-39","blk.39.ffn_down_exps.weight","ffn_moe_swiglu-39"
242,3,MUL_MAT_ID,0,122,92,592,"ffn_moe_down-40","blk.40.ffn_down_exps.weight","ffn_moe_swiglu-40"
243,3,MUL_MAT_ID,0,125,90,593,"ffn_moe_down-41","blk.41.ffn_down_exps.weight","ffn_moe_swiglu-41"
244,3,MUL_MAT_ID,0,129,88,587,"ffn_moe_down-42","blk.42.ffn_down_exps.weight","ffn_moe_swiglu-42"
245,3,MUL_MAT_ID,0,149,77,632,"ffn_moe_down-43","blk.43.ffn_down_exps.weight","ffn_moe_swiglu-43"
246,3,MUL_MAT_ID,0,144,92,720,"ffn_moe_down-44","blk.44.ffn_down_exps.weight","ffn_moe_swiglu-44"
247,3,MUL_MAT_ID,0,127,83,579,"ffn_moe_down-45","blk.45.ffn_down_exps.weight","ffn_moe_swiglu-45"
248,3,MUL_MAT_ID,0,275,42,683,"ffn_moe_down-46","blk.46.ffn_down_exps.weight","ffn_moe_swiglu-46"
249,3,MUL_MAT_ID,0,284,42,705,"ffn_moe_down-47","blk.47.ffn_down_exps.weight","ffn_moe_swiglu-47"
250,0,GET_ROWS,0,3,0,3,"model.input_embed","token_embd.weight","inp_tokens"
251,3,MUL_MAT_ID,0,151,82,707,"ffn_moe_down-0","blk.0.ffn_down_exps.weight","ffn_moe_swiglu-0"
253,3,MUL_MAT_ID,0,211,15,639,"ffn_moe_down-1","blk.1.ffn_down_exps.weight","ffn_moe_swiglu-1"
254,3,MUL_MAT_ID,0,281,55,806,"ffn_moe_down-2","blk.2.ffn_down_exps.weight","ffn_moe_swiglu-2"
255,3,MUL_MAT_ID,0,195,179,1078,"ffn_moe_down-3","blk.3.ffn_down_exps.weight","ffn_moe_swiglu-3"
256,3,MUL_MAT_ID,0,401,383,1546,"ffn_moe_down-4","blk.4.ffn_down_exps.weight","ffn_moe_swiglu-4"
257,3,MUL_MAT_ID,0,229,155,1168,"ffn_moe_down-5","blk.5.ffn_down_exps.weight","ffn_moe_swiglu-5"
258,3,MUL_MAT_ID,0,99,126,602,"ffn_moe_down-6","blk.6.ffn_down_exps.weight","ffn_moe_swiglu-6"
259,3,MUL_MAT_ID,0,117,283,1057,"ffn_moe_down-7","blk.7.ffn_down_exps.weight","ffn_moe_swiglu-7"
260,3,MUL_MAT_ID,0,120,104,671,"ffn_moe_down-8","blk.8.ffn_down_exps.weight","ffn_moe_swiglu-8"
261,3,MUL_MAT_ID,0,152,150,779,"ffn_moe_down-9","blk.9.ffn_down_exps.weight","ffn_moe_swiglu-9"
262,3,MUL_MAT_ID,0,130,89,647,"ffn_moe_down-10","blk.10.ffn_down_exps.weight","ffn_moe_swiglu-10"
263,3,MUL_MAT_ID,0,124,92,598,"ffn_moe_down-11","blk.11.ffn_down_exps.weight","ffn_moe_swiglu-11"
264,3,MUL_MAT_ID,0,233,128,1004,"ffn_moe_down-12","blk.12.ffn_down_exps.weight","ffn_moe_swiglu-12"
265,3,MUL_MAT_ID,0,137,102,706,"ffn_moe_down-13","blk.13.ffn_down_exps.weight","ffn_moe_swiglu-13"
266,3,MUL_MAT_ID,0,125,101,621,"ffn_moe_down-14","blk.14.ffn_down_exps.weight","ffn_moe_swiglu-14"
267,3,MUL_MAT_ID,0,107,122,631,"ffn_moe_down-15","blk.15.ffn_down_exps.weight","ffn_moe_swiglu-15"
268,3,MUL_MAT_ID,0,165,61,602,"ffn_moe_down-16","blk.16.ffn_down_exps.weight","ffn_moe_swiglu-16"
269,3,MUL_MAT_ID,0,197,21,577,"ffn_moe_down-17","blk.17.ffn_down_exps.weight","ffn_moe_swiglu-17"
270,3,MUL_MAT_ID,0,207,25,642,"ffn_moe_down-18","blk.18.ffn_down_exps.weight","ffn_moe_swiglu-18"
271,3,MUL_MAT_ID,0,109,123,652,"ffn_moe_down-19","blk.19.ffn_down_exps.weight","ffn_moe_swiglu-19"
272,3,MUL_MAT_ID,0,163,201,1085,"ffn_moe_down-20","blk.20.ffn_down_exps.weight","ffn_moe_swiglu-20"
273,3,MUL_MAT_ID,0,100,119,594,"ffn_moe_down-21","blk.21.ffn_down_exps.weight","ffn_moe_swiglu-21"
274,3,MUL_MAT_ID,0,96,122,595,"ffn_moe_down-22","blk.22.ffn_down_exps.weight","ffn_moe_swiglu-22"
275,3,MUL_MAT_ID,0,127,137,689,"ffn_moe_down-23","blk.23.ffn_down_exps.weight","ffn_moe_swiglu-23"
276,3,MUL_MAT_ID,0,122,105,632,"ffn_moe_down-24","blk.24.ffn_down_exps.weight","ffn_moe_swiglu-24"
277,3,MUL_MAT_ID,0,195,159,1126,"ffn_moe_down-25","blk.25.ffn_down_exps.weight","ffn_moe_swiglu-25"
278,3,MUL_MAT_ID,0,105,110,598,"ffn_moe_down-26","blk.26.ffn_down_exps.weight","ffn_moe_swiglu-26"
279,3,MUL_MAT_ID,0,104,112,630,"ffn_moe_down-27","blk.27.ffn_down_exps.weight","ffn_moe_swiglu-27"
280,3,MUL_MAT_ID,0,125,104,651,"ffn_moe_down-28","blk.28.ffn_down_exps.weight","ffn_moe_swiglu-28"
281,3,MUL_MAT_ID,0,199,101,988,"ffn_moe_down-29","blk.29.ffn_down_exps.weight","ffn_moe_swiglu-29"
282,3,MUL_MAT_ID,0,351,238,1341,"ffn_moe_down-30","blk.30.ffn_down_exps.weight","ffn_moe_swiglu-30"
283,3,MUL_MAT_ID,0,129,172,682,"ffn_moe_down-31","blk.31.ffn_down_exps.weight","ffn_moe_swiglu-31"
284,3,MUL_MAT_ID,0,120,110,639,"ffn_moe_down-32","blk.32.ffn_down_exps.weight","ffn_moe_swiglu-32"
285,3,MUL_MAT_ID,0,101,126,625,"ffn_moe_down-33","blk.33.ffn_down_exps.weight","ffn_moe_swiglu-33"
286,3,MUL_MAT_ID,0,125,89,575,"ffn_moe_down-34","blk.34.ffn_down_exps.weight","ffn_moe_swiglu-34"
287,3,MUL_MAT_ID,0,136,84,575,"ffn_moe_down-35","blk.35.ffn_down_exps.weight","ffn_moe_swiglu-35"
288,3,MUL_MAT_ID,0,127,113,600,"ffn_moe_down-36","blk.36.ffn_down_exps.weight","ffn_moe_swiglu-36"
289,3,MUL_MAT_ID,0,181,49,615,"ffn_moe_down-37","blk.37.ffn_down_exps.weight","ffn_moe_swiglu-37"
290,3,MUL_MAT_ID,0,192,37,645,"ffn_moe_down-38","blk.38.ffn_down_exps.weight","ffn_moe_swiglu-38"
291,3,MUL_MAT_ID,0,226,101,1027,"ffn_moe_down-39","blk.39.ffn_down_exps.weight","ffn_moe_swiglu-39"
292,3,MUL_MAT_ID,0,211,5,591,"ffn_moe_down-40","blk.40.ffn_down_exps.weight","ffn_moe_swiglu-40"
293,3,MUL_MAT_ID,0,206,7,588,"ffn_moe_down-41","blk.41.ffn_down_exps.weight","ffn_moe_swiglu-41"
294,3,MUL_MAT_ID,0,215,9,721,"ffn_moe_down-42","blk.42.ffn_down_exps.weight","ffn_moe_swiglu-42"
295,3,MUL_MAT_ID,0,175,47,627,"ffn_moe_down-43","blk.43.ffn_down_exps.weight","ffn_moe_swiglu-43"
296,3,MUL_MAT_ID,0,217,13,652,"ffn_moe_down-44","blk.44.ffn_down_exps.weight","ffn_moe_swiglu-44"
297,3,MUL_MAT_ID,0,178,41,585,"ffn_moe_down-45","blk.45.ffn_down_exps.weight","ffn_moe_swiglu-45"
298,3,MUL_MAT_ID,0,309,10,696,"ffn_moe_down-46","blk.46.ffn_down_exps.weight","ffn_moe_swiglu-46"
299,3,MUL_MAT_ID,0,332,5,761,"ffn_moe_down-47","blk.47.ffn_down_exps.weight","ffn_moe_swiglu-47"
300,0,GET_ROWS,0,4,0,4,"model.input_embed","token_embd.weight","inp_tokens"
301,3,MUL_MAT_ID,0,216,42,626,"ffn_moe_down-0","blk.0.ffn_down_exps.weight","ffn_moe_swiglu-0"
303,3,MUL_MAT_ID,0,201,5,598,"ffn_moe_down-1","blk.1.ffn_down_exps.weight","ffn_moe_swiglu-1"
304,3,MUL_MAT_ID,0,317,8,734,"ffn_moe_down-2","blk.2.ffn_down_exps.weight","ffn_moe_swiglu-2"
305,3,MUL_MAT_ID,0,200,3,581,"ffn_moe_down-3","blk.3.ffn_down_exps.weight","ffn_moe_swiglu-3"
306,3,MUL_MAT_ID,0,345,7,761,"ffn_moe_down-4","blk.4.ffn_down_exps.weight","ffn_moe_swiglu-4"
307,3,MUL_MAT_ID,0,216,124,734,"ffn_moe_down-5","blk.5.ffn_down_exps.weight","ffn_moe_swiglu-5"
308,3,MUL_MAT_ID,0,203,15,600,"ffn_moe_down-6","blk.6.ffn_down_exps.weight","ffn_moe_swiglu-6"
309,3,MUL_MAT_ID,0,199,13,571,"ffn_moe_down-7","blk.7.ffn_down_exps.weight","ffn_moe_swiglu-7"
310,3,MUL_MAT_ID,0,191,22,582,"ffn_moe_down-8","blk.8.ffn_down_exps.weight","ffn_moe_swiglu-8"
311,3,MUL_MAT_ID,0,222,2,623,"ffn_moe_down-9","blk.9.ffn_down_exps.weight","ffn_moe_swiglu-9"
312,3,MUL_MAT_ID,0,403,24,1231,"ffn_moe_down-10","blk.10.ffn_down_exps.weight","ffn_moe_swiglu-10"
313,3,MUL_MAT_ID,0,104,116,614,"ffn_moe_down-11","blk.11.ffn_down_exps.weight","ffn_moe_swiglu-11"
314,3,MUL_MAT_ID,0,100,115,588,"ffn_moe_down-12","blk.12.ffn_down_exps.weight","ffn_moe_swiglu-12"
315,3,MUL_MAT_ID,0,212,267,1252,"ffn_moe_down-13","blk.13.ffn_down_exps.weight","ffn_moe_swiglu-13"
316,3,MUL_MAT_ID,0,102,129,641,"ffn_moe_down-14","blk.14.ffn_down_exps.weight","ffn_moe_swiglu-14"
317,3,MUL_MAT_ID,0,101,96,588,"ffn_moe_down-15","blk.15.ffn_down_exps.weight","ffn_moe_swiglu-15"
318,3,MUL_MAT_ID,0,138,214,987,"ffn_moe_down-16","blk.16.ffn_down_exps.weight","ffn_moe_swiglu-16"
319,3,MUL_MAT_ID,0,104,107,578,"ffn_moe_down-17","blk.17.ffn_down_exps.weight","ffn_moe_swiglu-17"
320,3,MUL_MAT_ID,0,120,241,743,"ffn_moe_down-18","blk.18.ffn_down_exps.weight","ffn_moe_swiglu-18"
321,3,MUL_MAT_ID,0,127,102,656,"ffn_moe_down-19","blk.19.ffn_down_exps.weight","ffn_moe_swiglu-19"
322,3,MUL_MAT_ID,0,119,98,602,"ffn_moe_down-20","blk.20.ffn_down_exps.weight","ffn_moe_swiglu-20"
323,3,MUL_MAT_ID,0,125,89,584,"ffn_moe_down-21","blk.21.ffn_down_exps.weight","ffn_moe_swiglu-21"
324,3,MUL_MAT_ID,0,124,89,593,"ffn_moe_down-22","blk.22.ffn_down_exps.weight","ffn_moe_swiglu-22"
325,3,MUL_MAT_ID,0,263,135,1110,"ffn_moe_down-23","blk.23.ffn_down_exps.weight","ffn_moe_swiglu-23"
326,3,MUL_MAT_ID,0,97,142,641,"ffn_moe_down-24","blk.24.ffn_down_exps.weight","ffn_moe_swiglu-24"
327,3,MUL_MAT_ID,0,120,95,590,"ffn_moe_down-25","blk.25.ffn_down_exps.weight","ffn_moe_swiglu-25"
328,3,MUL_MAT_ID,0,117,95,582,"ffn_moe_down-26","blk.26.ffn_down_exps.weight","ffn_moe_swiglu-26"
329,3,MUL_MAT_ID,0,203,162,990,"ffn_moe_down-27","blk.27.ffn_down_exps.weight","ffn_moe_swiglu-27"
330,3,MUL_MAT_ID,0,124,102,614,"ffn_moe_down-28","blk.28.ffn_down_exps.weight","ffn_moe_swiglu-28"
331,3,MUL_MAT_ID,0,127,96,640,"ffn_moe_down-29","blk.29.ffn_down_exps.weight","ffn_moe_swiglu-29"
332,3,MUL_MAT_ID,0,301,21,762,"ffn_moe_down-30","blk.30.ffn_down_exps.weight","ffn_moe_swiglu-30"
333,3,MUL_MAT_ID,0,163,59,588,"ffn_moe_down-31","blk.31.ffn_down_exps.weight","ffn_moe_swiglu-31"
334,3,MUL_MAT_ID,0,161,56,586,"ffn_moe_down-32","blk.32.ffn_down_exps.weight","ffn_moe_swiglu-32"
335,3,MUL_MAT_ID,0,217,11,725,"ffn_moe_down-33","blk.33.ffn_down_exps.weight","ffn_moe_swiglu-33"
336,3,MUL_MAT_ID,0,217,7,638,"ffn_moe_down-34","blk.34.ffn_down_exps.weight","ffn_moe_swiglu-34"
337,3,MUL_MAT_ID,0,232,1,694,"ffn_moe_down-35","blk.35.ffn_down_exps.weight","ffn_moe_swiglu-35"
338,3,MUL_MAT_ID,0,168,46,587,"ffn_moe_down-36","blk.36.ffn_down_exps.weight","ffn_moe_swiglu-36"
339,3,MUL_MAT_ID,0,208,11,613,"ffn_moe_down-37","blk.37.ffn_down_exps.weight","ffn_moe_swiglu-37"
340,3,MUL_MAT_ID,0,154,94,806,"ffn_moe_down-38","blk.38.ffn_down_exps.weight","ffn_moe_swiglu-38"
341,3,MUL_MAT_ID,0,219,4,647,"ffn_moe_down-39","blk.39.ffn_down_exps.weight","ffn_moe_swiglu-39"
342,3,MUL_MAT_ID,0,210,6,609,"ffn_moe_down-40","blk.40.ffn_down_exps.weight","ffn_moe_swiglu-40"
343,3,MUL_MAT_ID,0,199,15,597,"ffn_moe_down-41","blk.41.ffn_down_exps.weight","ffn_moe_swiglu-41"
344,3,MUL_MAT_ID,0,192,4,575,"ffn_moe_down-42","blk.42.ffn_down_exps.weight","ffn_moe_swiglu-42"
345,3,MUL_MAT_ID,0,198,7,579,"ffn_moe_down-43","blk.43.ffn_down_exps.weight","ffn_moe_swiglu-43"
346,3,MUL_MAT_ID,0,210,11,657,"ffn_moe_down-44","blk.44.ffn_down_exps.weight","ffn_moe_swiglu-44"
347,3,MUL_MAT_ID,0,197,36,683,"ffn_moe_down-45","blk.45.ffn_down_exps.weight","ffn_moe_swiglu-45"
348,3,MUL_MAT_ID,0,285,35,752,"ffn_moe_down-46","blk.46.ffn_down_exps.weight","ffn_moe_swiglu-46"
349,3,MUL_MAT_ID,0,327,1,699,"ffn_moe_down-47","blk.47.ffn_down_exps.weight","ffn_moe_swiglu-47"
350,0,GET_ROWS,0,3,0,4,"model.input_embed","token_embd.weight","inp_tokens"
351,3,MUL_MAT_ID,0,186,35,594,"ffn_moe_down-0","blk.0.ffn_down_exps.weight","ffn_moe_swiglu-0"
353,3,MUL_MAT_ID,0,186,161,1074,"ffn_moe_down-1","blk.1.ffn_down_exps.weight","ffn_moe_swiglu-1"
354,3,MUL_MAT_ID,0,292,58,828,"ffn_moe_down-2","blk.2.ffn_down_exps.weight","ffn_moe_swiglu-2"
355,3,MUL_MAT_ID,0,119,94,578,"ffn_moe_down-3","blk.3.ffn_down_exps.weight","ffn_moe_swiglu-3"
356,3,MUL_MAT_ID,0,296,37,698,"ffn_moe_down-4","blk.4.ffn_down_exps.weight","ffn_moe_swiglu-4"
357,3,MUL_MAT_ID,0,172,149,1037,"ffn_moe_down-5","blk.5.ffn_down_exps.weight","ffn_moe_swiglu-5"
358,3,MUL_MAT_ID,0,204,177,1068,"ffn_moe_down-6","blk.6.ffn_down_exps.weight","ffn_moe_swiglu-6"
359,3,MUL_MAT_ID,0,217,199,1191,"ffn_moe_down-7","blk.7.ffn_down_exps.weight","ffn_moe_swiglu-7"
360,3,MUL_MAT_ID,0,125,91,582,"ffn_moe_down-8","blk.8.ffn_down_exps.weight","ffn_moe_swiglu-8"
361,3,MUL_MAT_ID,0,412,18,1170,"ffn_moe_down-9","blk.9.ffn_down_exps.weight","ffn_moe_swiglu-9"
362,3,MUL_MAT_ID,0,339,25,985,"ffn_moe_down-10","blk.10.ffn_down_exps.weight","ffn_moe_swiglu-10"
363,3,MUL_MAT_ID,0,285,15,1032,"ffn_moe_down-11","blk.11.ffn_down_exps.weight","ffn_moe_swiglu-11"
364,3,MUL_MAT_ID,0,209,12,656,"ffn_moe_down-12","blk.12.ffn_down_exps.weight","ffn_moe_swiglu-12"
365,3,MUL_MAT_ID,0,205,12,600,"ffn_moe_down-13","blk.13.ffn_down_exps.weight","ffn_moe_swiglu-13"
366,3,MUL_MAT_ID,0,414,4,1176,"ffn_moe_down-14","blk.14.ffn_down_exps.weight","ffn_moe_swiglu-14"
367,3,MUL_MAT_ID,0,212,21,647,"ffn_moe_down-15","blk.15.ffn_down_exps.weight","ffn_moe_swiglu-15"
368,3,MUL_MAT_ID,0,258,74,1070,"ffn_moe_down-16","blk.16.ffn_down_exps.weight","ffn_moe_swiglu-16"
369,3,MUL_MAT_ID,0,194,24,585,"ffn_moe_down-17","blk.17.ffn_down_exps.weight","ffn_moe_swiglu-17"
370,3,MUL_MAT_ID,0,192,26,585,"ffn_moe_down-18","blk.18.ffn_down_exps.weight","ffn_moe_swiglu-18"
371,3,MUL_MAT_ID,0,224,1,732,"ffn_moe_down-19","blk.19.ffn_down_exps.weight","ffn_moe_swiglu-19"
372,3,MUL_MAT_ID,0,187,29,622,"ffn_moe_down-20","blk.20.ffn_down_exps.weight","ffn_moe_swiglu-20"
373,3,MUL_MAT_ID,0,196,3,566,"ffn_moe_down-21","blk.21.ffn_down_exps.weight","ffn_moe_swiglu-21"
374,3,MUL_MAT_ID,0,171,34,585,"ffn_moe_down-22","blk.22.ffn_down_exps.weight","ffn_moe_swiglu-22"
375,3,MUL_MAT_ID,0,165,33,559,"ffn_moe_down-23","blk.23.ffn_down_exps.weight","ffn_moe_swiglu-23"
376,3,MUL_MAT_ID,0,304,33,1006,"ffn_moe_down-24","blk.24.ffn_down_exps.weight","ffn_moe_swiglu-24"
377,3,MUL_MAT_ID,0,216,13,636,"ffn_moe_down-25","blk.25.ffn_down_exps.weight","ffn_moe_swiglu-25"
378,3,MUL_MAT_ID,0,217,8,623,"ffn_moe_down-26","blk.26.ffn_down_exps.weight","ffn_moe_swiglu-26"
379,3,MUL_MAT_ID,0,306,30,1077,"ffn_moe_down-27","blk.27.ffn_down_exps.weight","ffn_moe_swiglu-27"
380,3,MUL_MAT_ID,0,195,22,589,"ffn_moe_down-28","blk.28.ffn_down_exps.weight","ffn_moe_swiglu-28"
381,3,MUL_MAT_ID,0,216,15,661,"ffn_moe_down-29","blk.29.ffn_down_exps.weight","ffn_moe_swiglu-29"
382,3,MUL_MAT_ID,0,324,12,736,"ffn_moe_down-30","blk.30.ffn_down_exps.weight","ffn_moe_swiglu-30"
383,3,MUL_MAT_ID,0,196,23,588,"ffn_moe_down-31","blk.31.ffn_down_exps.weight","ffn_moe_swiglu-31"
384,3,MUL_MAT_ID,0,210,20,604,"ffn_moe_down-32","blk.32.ffn_down_exps.weight","ffn_moe_swiglu-32"
385,3,MUL_MAT_ID,0,200,23,605,"ffn_moe_down-33","blk.33.ffn_down_exps.weight","ffn_moe_swiglu-33"
386,3,MUL_MAT_ID,0,232,1,621,"ffn_moe_down-34","blk.34.ffn_down_exps.weight","ffn_moe_swiglu-34"
387,3,MUL_MAT_ID,0,368,22,1127,"ffn_moe_down-35","blk.35.ffn_down_exps.weight","ffn_moe_swiglu-35"
388,3,MUL_MAT_ID,0,190,28,599,"ffn_moe_down-36","blk.36.ffn_down_exps.weight","ffn_moe_swiglu-36"
389,3,MUL_MAT_ID,0,217,14,613,"ffn_moe_down-37","blk.37.ffn_down_exps.weight","ffn_moe_swiglu-37"
390,3,MUL_MAT_ID,0,200,23,608,"ffn_moe_down-38","blk.38.ffn_down_exps.weight","ffn_moe_swiglu-38"
391,3,MUL_MAT_ID,0,143,113,655,"ffn_moe_down-39","blk.39.ffn_down_exps.weight","ffn_moe_swiglu-39"
392,3,MUL_MAT_ID,0,132,109,668,"ffn_moe_down-40","blk.40.ffn_down_exps.weight","ffn_moe_swiglu-40"
393,3,MUL_MAT_ID,0,135,89,624,"ffn_moe_down-41","blk.41.ffn_down_exps.weight","ffn_moe_swiglu-41"
394,3,MUL_MAT_ID,0,128,88,604,"ffn_moe_down-42","blk.42.ffn_down_exps.weight","ffn_moe_swiglu-42"
395,3,MUL_MAT_ID,0,133,82,605,"ffn_moe_down-43","blk.43.ffn_down_exps.weight","ffn_moe_swiglu-43"
396,3,MUL_MAT_ID,0,119,96,594,"ffn_moe_down-44","blk.44.ffn_down_exps.weight","ffn_moe_swiglu-44"
397,3,MUL_MAT_ID,0,138,88,648,"ffn_moe_down-45","blk.45.ffn_down_exps.weight","ffn_moe_swiglu-45"
398,3,MUL_MAT_ID,0,288,41,836,"ffn_moe_down-46","blk.46.ffn_down_exps.weight","ffn_moe_swiglu-46"
399,3,MUL_MAT_ID,0,287,42,699,"ffn_moe_down-47","blk.47.ffn_down_exps.weight","ffn_moe_swiglu-47"
400,0,GET_ROWS,0,4,0,4,"model.input_embed","token_embd.weight","inp_tokens"
401,3,MUL_MAT_ID,0,295,63,1081,"ffn_moe_down-0","blk.0.ffn_down_exps.weight","ffn_moe_swiglu-0"
403,3,MUL_MAT_ID,0,204,1,598,"ffn_moe_down-1","blk.1.ffn_down_exps.weight","ffn_moe_swiglu-1"
404,3,MUL_MAT_ID,0,637,131,1733,"ffn_moe_down-2","blk.2.ffn_down_exps.weight","ffn_moe_swiglu-2"
405,3,MUL_MAT_ID,0,196,227,1225,"ffn_moe_down-3","blk.3.ffn_down_exps.weight","ffn_moe_swiglu-3"
406,3,MUL_MAT_ID,0,272,51,681,"ffn_moe_down-4","blk.4.ffn_down_exps.weight","ffn_moe_swiglu-4"
407,3,MUL_MAT_ID,0,295,150,1127,"ffn_moe_down-5","blk.5.ffn_down_exps.weight","ffn_moe_swiglu-5"
408,3,MUL_MAT_ID,0,138,91,640,"ffn_moe_down-6","blk.6.ffn_down_exps.weight","ffn_moe_swiglu-6"
409,3,MUL_MAT_ID,0,250,116,992,"ffn_moe_down-7","blk.7.ffn_down_exps.weight","ffn_moe_swiglu-7"
410,3,MUL_MAT_ID,0,180,178,1006,"ffn_moe_down-8","blk.8.ffn_down_exps.weight","ffn_moe_swiglu-8"
411,3,MUL_MAT_ID,0,124,97,580,"ffn_moe_down-9","blk.9.ffn_down_exps.weight","ffn_moe_swiglu-9"
412,3,MUL_MAT_ID,0,277,47,973,"ffn_moe_down-10","blk.10.ffn_down_exps.weight","ffn_moe_swiglu-10"
413,3,MUL_MAT_ID,0,211,133,998,"ffn_moe_down-11","blk.11.ffn_down_exps.weight","ffn_moe_swiglu-11"
414,3,MUL_MAT_ID,0,219,4,663,"ffn_moe_down-12","blk.12.ffn_down_exps.weight","ffn_moe_swiglu-12"
415,3,MUL_MAT_ID,0,400,3,1114,"ffn_moe_down-13","blk.13.ffn_down_exps.weight","ffn_moe_swiglu-13"
416,3,MUL_MAT_ID,0,230,2,634,"ffn_moe_down-14","blk.14.ffn_down_exps.weight","ffn_moe_swiglu-14"
417,3,MUL_MAT_ID,0,219,4,611,"ffn_moe_down-15","blk.15.ffn_down_exps.weight","ffn_moe_swiglu-15"
418,3,MUL_MAT_ID,0,212,0,592,"ffn_moe_down-16","blk.16.ffn_down_exps.weight","ffn_moe_swiglu-16"
419,3,MUL_MAT_ID,0,216,0,739,"ffn_moe_down-17","blk.17.ffn_down_exps.weight","ffn_moe_swiglu-17"
420,3,MUL_MAT_ID,0,259,39,926,"ffn_moe_down-18","blk.18.ffn_down_exps.weight","ffn_moe_swiglu-18"
421,3,MUL_MAT_ID,0,222,1,628,"ffn_moe_down-19","blk.19.ffn_down_exps.weight","ffn_moe_swiglu-19"
422,3,MUL_MAT_ID,0,231,0,618,"ffn_moe_down-20","blk.20.ffn_down_exps.weight","ffn_moe_swiglu-20"
423,3,MUL_MAT_ID,0,371,20,1088,"ffn_moe_down-21","blk.21.ffn_down_exps.weight","ffn_moe_swiglu-21"
424,3,MUL_MAT_ID,0,486,31,1403,"ffn_moe_down-22","blk.22.ffn_down_exps.weight","ffn_moe_swiglu-22"
425,3,MUL_MAT_ID,0,222,6,613,"ffn_moe_down-23","blk.23.ffn_down_exps.weight","ffn_moe_swiglu-23"
426,3,MUL_MAT_ID,0,334,7,1004,"ffn_moe_down-24","blk.24.ffn_down_exps.weight","ffn_moe_swiglu-24"
427,3,MUL_MAT_ID,0,216,2,616,"ffn_moe_down-25","blk.25.ffn_down_exps.weight","ffn_moe_swiglu-25"
428,3,MUL_MAT_ID,0,216,0,601,"ffn_moe_down-26","blk.26.ffn_down_exps.weight","ffn_moe_swiglu-26"
429,3,MUL_MAT_ID,0,190,5,574,"ffn_moe_down-27","blk.27.ffn_down_exps.weight","ffn_moe_swiglu-27"
430,3,MUL_MAT_ID,0,187,272,1360,"ffn_moe_down-28","blk.28.ffn_down_exps.weight","ffn_moe_swiglu-28"
431,3,MUL_MAT_ID,0,215,215,1373,"ffn_moe_down-29","blk.29.ffn_down_exps.weight","ffn_moe_swiglu-29"
432,3,MUL_MAT_ID,0,303,20,702,"ffn_moe_down-30","blk.30.ffn_down_exps.weight","ffn_moe_swiglu-30"
433,3,MUL_MAT_ID,0,165,55,606,"ffn_moe_down-31","blk.31.ffn_down_exps.weight","ffn_moe_swiglu-31"
434,3,MUL_MAT_ID,0,263,90,990,"ffn_moe_down-32","blk.32.ffn_down_exps.weight","ffn_moe_swiglu-32"
435,3,MUL_MAT_ID,0,206,22,602,"ffn_moe_down-33","blk.33.ffn_down_exps.weight","ffn_moe_swiglu-33"
436,3,MUL_MAT_ID,0,161,49,581,"ffn_moe_down-34","blk.34.ffn_down_exps.weight","ffn_moe_swiglu-34"
437,3,MUL_MAT_ID,0,195,19,577,"ffn_moe_down-35","blk.35.ffn_down_exps.weight","ffn_moe_swiglu-35"
438,3,MUL_MAT_ID,0,192,21,576,"ffn_moe_down-36","blk.36.ffn_down_exps.weight","ffn_moe_swiglu-36"
439,3,MUL_MAT_ID,0,456,5,1313,"ffn_moe_down-37","blk.37.ffn_down_exps.weight","ffn_moe_swiglu-37"
440,3,MUL_MAT_ID,0,284,86,1154,"ffn_moe_down-38","blk.38.ffn_down_exps.weight","ffn_moe_swiglu-38"
441,3,MUL_MAT_ID,0,98,100,557,"ffn_moe_down-39","blk.39.ffn_down_exps.weight","ffn_moe_swiglu-39"
442,3,MUL_MAT_ID,0,137,251,997,"ffn_moe_down-40","blk.40.ffn_down_exps.weight","ffn_moe_swiglu-40"
443,3,MUL_MAT_ID,0,263,52,969,"ffn_moe_down-41","blk.41.ffn_down_exps.weight","ffn_moe_swiglu-41"
444,3,MUL_MAT_ID,0,132,89,602,"ffn_moe_down-42","blk.42.ffn_down_exps.weight","ffn_moe_swiglu-42"
445,3,MUL_MAT_ID,0,277,111,1115,"ffn_moe_down-43","blk.43.ffn_down_exps.weight","ffn_moe_swiglu-43"
446,3,MUL_MAT_ID,0,134,74,571,"ffn_moe_down-44","blk.44.ffn_down_exps.weight","ffn_moe_swiglu-44"
447,3,MUL_MAT_ID,0,115,263,1106,"ffn_moe_down-45","blk.45.ffn_down_exps.weight","ffn_moe_swiglu-45"
448,3,MUL_MAT_ID,0,279,50,804,"ffn_moe_down-46","blk.46.ffn_down_exps.weight","ffn_moe_swiglu-46"
449,3,MUL_MAT_ID,0,286,42,687,"ffn_moe_down-47","blk.47.ffn_down_exps.weight","ffn_moe_swiglu-47"
450,0,GET_ROWS,0,14,0,14,"model.input_embed","token_embd.weight","inp_tokens"
451,3,MUL_MAT_ID,0,137,102,664,"ffn_moe_down-0","blk.0.ffn_down_exps.weight","ffn_moe_swiglu-0"
453,3,MUL_MAT_ID,0,199,20,600,"ffn_moe_down-1","blk.1.ffn_down_exps.weight","ffn_moe_swiglu-1"
454,3,MUL_MAT_ID,0,351,16,866,"ffn_moe_down-2","blk.2.ffn_down_exps.weight","ffn_moe_swiglu-2"
455,3,MUL_MAT_ID,0,219,2,618,"ffn_moe_down-3","blk.3.ffn_down_exps.weight","ffn_moe_swiglu-3"
456,3,MUL_MAT_ID,0,327,5,704,"ffn_moe_down-4","blk.4.ffn_down_exps.weight","ffn_moe_swiglu-4"
457,3,MUL_MAT_ID,0,224,0,611,"ffn_moe_down-5","blk.5.ffn_down_exps.weight","ffn_moe_swiglu-5"
458,3,MUL_MAT_ID,0,214,1,587,"ffn_moe_down-6","blk.6.ffn_down_exps.weight","ffn_moe_swiglu-6"
459,3,MUL_MAT_ID,0,232,0,658,"ffn_moe_down-7","blk.7.ffn_down_exps.weight","ffn_moe_swiglu-7"
460,3,MUL_MAT_ID,0,224,1,703,"ffn_moe_down-8","blk.8.ffn_down_exps.weight","ffn_moe_swiglu-8"
461,3,MUL_MAT_ID,0,106,99,568,"ffn_moe_down-9","blk.9.ffn_down_exps.weight","ffn_moe_swiglu-9"
462,3,MUL_MAT_ID,0,212,13,664,"ffn_moe_down-10","blk.10.ffn_down_exps.weight","ffn_moe_swiglu-10"
463,3,MUL_MAT_ID,0,197,21,606,"ffn_moe_down-11","blk.11.ffn_down_exps.weight","ffn_moe_swiglu-11"
464,3,MUL_MAT_ID,0,223,11,638,"ffn_moe_down-12","blk.12.ffn_down_exps.weight","ffn_moe_swiglu-12"
465,3,MUL_MAT_ID,0,203,20,665,"ffn_moe_down-13","blk.13.ffn_down_exps.weight","ffn_moe_swiglu-13"
466,3,MUL_MAT_ID,0,218,6,807,"ffn_moe_down-14","blk.14.ffn_down_exps.weight","ffn_moe_swiglu-14"
467,3,MUL_MAT_ID,0,220,1,604,"ffn_moe_down-15","blk.15.ffn_down_exps.weight","ffn_moe_swiglu-15"
468,3,MUL_MAT_ID,0,267,46,1025,"ffn_moe_down-16","blk.16.ffn_down_exps.weight","ffn_moe_swiglu-16"
469,3,MUL_MAT_ID,0,233,3,647,"ffn_moe_down-17","blk.17.ffn_down_exps.weight","ffn_moe_swiglu-17"
470,3,MUL_MAT_ID,0,215,5,699,"ffn_moe_down-18","blk.18.ffn_down_exps.weight","ffn_moe_swiglu-18"
471,3,MUL_MAT_ID,0,208,17,613,"ffn_moe_down-19","blk.19.ffn_down_exps.weight","ffn_moe_swiglu-19"
472,3,MUL_MAT_ID,0,216,9,618,"ffn_moe_down-20","blk.20.ffn_down_exps.weight","ffn_moe_swiglu-20"
473,3,MUL_MAT_ID,0,200,6,575,"ffn_moe_down-21","blk.21.ffn_down_exps.weight","ffn_moe_swiglu-21"
474,3,MUL_MAT_ID,0,241,1,649,"ffn_moe_down-22","blk.22.ffn_down_exps.weight","ffn_moe_swiglu-22"
475,3,MUL_MAT_ID,0,213,17,636,"ffn_moe_down-23","blk.23.ffn_down_exps.weight","ffn_moe_swiglu-23"
476,3,MUL_MAT_ID,0,226,1,638,"ffn_moe_down-24","blk.24.ffn_down_exps.weight","ffn_moe_swiglu-24"
477,3,MUL_MAT_ID,0,204,14,611,"ffn_moe_down-25","blk.25.ffn_down_exps.weight","ffn_moe_swiglu-25"
478,3,MUL_MAT_ID,0,197,17,582,"ffn_moe_down-26","blk.26.ffn_down_exps.weight","ffn_moe_swiglu-26"
479,3,MUL_MAT_ID,0,342,171,1192,"ffn_moe_down-27","blk.27.ffn_down_exps.weight","ffn_moe_swiglu-27"
480,3,MUL_MAT_ID,0,223,6,663,"ffn_moe_down-28","blk.28.ffn_down_exps.weight","ffn_moe_swiglu-28"
481,3,MUL_MAT_ID,0,346,66,1118,"ffn_moe_down-29","blk.29.ffn_down_exps.weight","ffn_moe_swiglu-29"
482,3,MUL_MAT_ID,0,318,3,690,"ffn_moe_down-30","blk.30.ffn_down_exps.weight","ffn_moe_swiglu-30"
483,3,MUL_MAT_ID,0,213,11,607,"ffn_moe_down-31","blk.31.ffn_down_exps.weight","ffn_moe_swiglu-31"
484,3,MUL_MAT_ID,0,107,123,640,"ffn_moe_down-32","blk.32.ffn_down_exps.weight","ffn_moe_swiglu-32"
485,3,MUL_MAT_ID,0,192,43,705,"ffn_moe_down-33","blk.33.ffn_down_exps.weight","ffn_moe_swiglu-33"
486,3,MUL_MAT_ID,0,161,60,636,"ffn_moe_down-34","blk.34.ffn_down_exps.weight","ffn_moe_swiglu-34"
487,3,MUL_MAT_ID,0,204,22,611,"ffn_moe_down-35","blk.35.ffn_down_exps.weight","ffn_moe_swiglu-35"
488,3,MUL_MAT_ID,0,178,45,606,"ffn_moe_down-36","blk.36.ffn_down_exps.weight","ffn_moe_swiglu-36"
489,3,MUL_MAT_ID,0,203,33,670,"ffn_moe_down-37","blk.37.ffn_down_exps.weight","ffn_moe_swiglu-37"
490,3,MUL_MAT_ID,0,217,9,653,"ffn_moe_down-38","blk.38.ffn_down_exps.weight","ffn_moe_swiglu-38"
491,3,MUL_MAT_ID,0,163,50,602,"ffn_moe_down-39","blk.39.ffn_down_exps.weight","ffn_moe_swiglu-39"
492,3,MUL_MAT_ID,0,160,48,569,"ffn_moe_down-40","blk.40.ffn_down_exps.weight","ffn_moe_swiglu-40"
493,3,MUL_MAT_ID,0,164,50,763,"ffn_moe_down-41","blk.41.ffn_down_exps.weight","ffn_moe_swiglu-41"
494,3,MUL_MAT_ID,0,218,5,633,"ffn_moe_down-42","blk.42.ffn_down_exps.weight","ffn_moe_swiglu-42"
495,3,MUL_MAT_ID,0,221,6,644,"ffn_moe_down-43","blk.43.ffn_down_exps.weight","ffn_moe_swiglu-43"
496,3,MUL_MAT_ID,0,216,2,602,"ffn_moe_down-44","blk.44.ffn_down_exps.weight","ffn_moe_swiglu-44"
497,3,MUL_MAT_ID,0,203,1,584,"ffn_moe_down-45","blk.45.ffn_down_exps.weight","ffn_moe_swiglu-45"
498,3,MUL_MAT_ID,0,297,23,690,"ffn_moe_down-46","blk.46.ffn_down_exps.weight","ffn_moe_swiglu-46"
499,3,MUL_MAT_ID,0,342,1,710,"ffn_moe_down-47","blk.47.ffn_down_exps.weight","ffn_moe_swiglu-47"
500,0,GET_ROWS,0,3,0,3,"model.input_embed","token_embd.weight","inp_tokens"
501,3,MUL_MAT_ID,0,217,7,613,"ffn_moe_down-0","blk.0.ffn_down_exps.weight","ffn_moe_swiglu-0"
503,3,MUL_MAT_ID,0,105,128,636,"ffn_moe_down-1","blk.1.ffn_down_exps.weight","ffn_moe_swiglu-1"
504,3,MUL_MAT_ID,0,251,94,957,"ffn_moe_down-2","blk.2.ffn_down_exps.weight","ffn_moe_swiglu-2"
505,3,MUL_MAT_ID,0,115,104,603,"ffn_moe_down-3","blk.3.ffn_down_exps.weight","ffn_moe_swiglu-3"
506,3,MUL_MAT_ID,0,249,115,814,"ffn_moe_down-4","blk.4.ffn_down_exps.weight","ffn_moe_swiglu-4"
507,3,MUL_MAT_ID,0,104,118,622,"ffn_moe_down-5","blk.5.ffn_down_exps.weight","ffn_moe_swiglu-5"
508,3,MUL_MAT_ID,0,96,116,587,"ffn_moe_down-6","blk.6.ffn_down_exps.weight","ffn_moe_swiglu-6"
509,3,MUL_MAT_ID,0,98,114,593,"ffn_moe_down-7","blk.7.ffn_down_exps.weight","ffn_moe_swiglu-7"
510,3,MUL_MAT_ID,0,102,119,606,"ffn_moe_down-8","blk.8.ffn_down_exps.weight","ffn_moe_swiglu-8"
511,3,MUL_MAT_ID,0,113,125,689,"ffn_moe_down-9","blk.9.ffn_down_exps.weight","ffn_moe_swiglu-9"
512,3,MUL_MAT_ID,0,120,105,648,"ffn_moe_down-10","blk.10.ffn_down_exps.weight","ffn_moe_swiglu-10"
513,3,MUL_MAT_ID,0,101,131,640,"ffn_moe_down-11","blk.11.ffn_down_exps.weight","ffn_moe_swiglu-11"
514,3,MUL_MAT_ID,0,121,102,638,"ffn_moe_down-12","blk.12.ffn_down_exps.weight","ffn_moe_swiglu-12"
515,3,MUL_MAT_ID,0,127,104,610,"ffn_moe_down-13","blk.13.ffn_down_exps.weight","ffn_moe_swiglu-13"
516,3,MUL_MAT_ID,0,141,78,605,"ffn_moe_down-14","blk.14.ffn_down_exps.weight","ffn_moe_swiglu-14"
517,3,MUL_MAT_ID,0,127,97,649,"ffn_moe_down-15","blk.15.ffn_down_exps.weight","ffn_moe_swiglu-15"
518,3,MUL_MAT_ID,0,145,91,777,"ffn_moe_down-16","blk.16.ffn_down_exps.weight","ffn_moe_swiglu-16"
519,3,MUL_MAT_ID,0,133,90,591,"ffn_moe_down-17","blk.17.ffn_down_exps.weight","ffn_moe_swiglu-17"
520,3,MUL_MAT_ID,0,126,97,603,"ffn_moe_down-18","blk.18.ffn_down_exps.weight","ffn_moe_swiglu-18"
521,3,MUL_MAT_ID,0,129,96,601,"ffn_moe_down-19","blk.19.ffn_down_exps.weight","ffn_moe_swiglu-19"
522,3,MUL_MAT_ID,0,145,96,691,"ffn_moe_down-20","blk.20.ffn_down_exps.weight","ffn_moe_swiglu-20"
523,3,MUL_MAT_ID,0,130,102,641,"ffn_moe_down-21","blk.21.ffn_down_exps.weight","ffn_moe_swiglu-21"
524,3,MUL_MAT_ID,0,125,86,600,"ffn_moe_down-22","blk.22.ffn_down_exps.weight","ffn_moe_swiglu-22"
525,3,MUL_MAT_ID,0,131,89,591,"ffn_moe_down-23","blk.23.ffn_down_exps.weight","ffn_moe_swiglu-23"
526,3,MUL_MAT_ID,0,128,94,596,"ffn_moe_down-24","blk.24.ffn_down_exps.weight","ffn_moe_swiglu-24"
527,3,MUL_MAT_ID,0,142,90,666,"ffn_moe_down-25","blk.25.ffn_down_exps.weight","ffn_moe_swiglu-25"
528,3,MUL_MAT_ID,0,136,97,652,"ffn_moe_down-26","blk.26.ffn_down_exps.weight","ffn_moe_swiglu-26"
529,3,MUL_MAT_ID,0,108,121,650,"ffn_moe_down-27","blk.27.ffn_down_exps.weight","ffn_moe_swiglu-27"
530,3,MUL_MAT_ID,0,216,7,659,"ffn_moe_down-28","blk.28.ffn_down_exps.weight","ffn_moe_swiglu-28"
531,3,MUL_MAT_ID,0,219,4,612,"ffn_moe_down-29","blk.29.ffn_down_exps.weight","ffn_moe_swiglu-29"
532,3,MUL_MAT_ID,0,251,90,872,"ffn_moe_down-30","blk.30.ffn_down_exps.weight","ffn_moe_swiglu-30"
533,3,MUL_MAT_ID,0,120,117,647,"ffn_moe_down-31","blk.31.ffn_down_exps.weight","ffn_moe_swiglu-31"
534,3,MUL_MAT_ID,0,99,128,683,"ffn_moe_down-32","blk.32.ffn_down_exps.weight","ffn_moe_swiglu-32"
535,3,MUL_MAT_ID,0,100,119,619,"ffn_moe_down-33","blk.33.ffn_down_exps.weight","ffn_moe_swiglu-33"
536,3,MUL_MAT_ID,0,98,121,602,"ffn_moe_down-34","blk.34.ffn_down_exps.weight","ffn_moe_swiglu-34"
537,3,MUL_MAT_ID,0,195,276,1302,"ffn_moe_down-35","blk.35.ffn_down_exps.weight","ffn_moe_swiglu-35"
538,3,MUL_MAT_ID,0,206,173,1104,"ffn_moe_down-36","blk.36.ffn_down_exps.weight","ffn_moe_swiglu-36"
539,3,MUL_MAT_ID,0,119,102,610,"ffn_moe_down-37","blk.37.ffn_down_exps.weight","ffn_moe_swiglu-37"
540,3,MUL_MAT_ID,0,121,100,594,"ffn_moe_down-38","blk.38.ffn_down_exps.weight","ffn_moe_swiglu-38"
541,3,MUL_MAT_ID,0,180,272,1182,"ffn_moe_down-39","blk.39.ffn_down_exps.weight","ffn_moe_swiglu-39"
542,3,MUL_MAT_ID,0,140,90,644,"ffn_moe_down-40","blk.40.ffn_down_exps.weight","ffn_moe_swiglu-40"
543,3,MUL_MAT_ID,0,130,103,645,"ffn_moe_down-41","blk.41.ffn_down_exps.weight","ffn_moe_swiglu-41"
544,3,MUL_MAT_ID,0,99,208,688,"ffn_moe_down-42","blk.42.ffn_down_exps.weight","ffn_moe_swiglu-42"
545,3,MUL_MAT_ID,0,103,119,594,"ffn_moe_down-43","blk.43.ffn_down_exps.weight","ffn_moe_swiglu-43"
546,3,MUL_MAT_ID,0,102,129,616,"ffn_moe_down-44","blk.44.ffn_down_exps.weight","ffn_moe_swiglu-44"
547,3,MUL_MAT_ID,0,287,44,1048,"ffn_moe_down-45","blk.45.ffn_down_exps.weight","ffn_moe_swiglu-45"
548,3,MUL_MAT_ID,0,321,16,724,"ffn_moe_down-46","blk.46.ffn_down_exps.weight","ffn_moe_swiglu-46"
549,3,MUL_MAT_ID,0,317,8,701,"ffn_moe_down-47","blk.47.ffn_down_exps.weight","ffn_moe_swiglu-47"
550,0,GET_ROWS,0,3,0,4,"model.input_embed","token_embd.weight","inp_tokens"
551,3,MUL_MAT_ID,0,227,2,657,"ffn_moe_down-0","blk.0.ffn_down_exps.weight","ffn_moe_swiglu-0"
553,3,MUL_MAT_ID,0,346,23,1086,"ffn_moe_down-1","blk.1.ffn_down_exps.weight","ffn_moe_swiglu-1"
554,3,MUL_MAT_ID,0,799,32,1712,"ffn_moe_down-2","blk.2.ffn_down_exps.weight","ffn_moe_swiglu-2"
555,3,MUL_MAT_ID,0,221,4,663,"ffn_moe_down-3","blk.3.ffn_down_exps.weight","ffn_moe_swiglu-3"
556,3,MUL_MAT_ID,0,331,4,717,"ffn_moe_down-4","blk.4.ffn_down_exps.weight","ffn_moe_swiglu-4"
557,3,MUL_MAT_ID,0,209,0,586,"ffn_moe_down-5","blk.5.ffn_down_exps.weight","ffn_moe_swiglu-5"
558,3,MUL_MAT_ID,0,270,78,979,"ffn_moe_down-6","blk.6.ffn_down_exps.weight","ffn_moe_swiglu-6"
559,3,MUL_MAT_ID,0,152,79,770,"ffn_moe_down-7","blk.7.ffn_down_exps.weight","ffn_moe_swiglu-7"
560,3,MUL_MAT_ID,0,91,120,582,"ffn_moe_down-8","blk.8.ffn_down_exps.weight","ffn_moe_swiglu-8"
561,3,MUL_MAT_ID,0,96,118,609,"ffn_moe_down-9","blk.9.ffn_down_exps.weight","ffn_moe_swiglu-9"
562,3,MUL_MAT_ID,0,98,117,592,"ffn_moe_down-10","blk.10.ffn_down_exps.weight","ffn_moe_swiglu-10"
563,3,MUL_MAT_ID,0,121,105,611,"ffn_moe_down-11","blk.11.ffn_down_exps.weight","ffn_moe_swiglu-11"
564,3,MUL_MAT_ID,0,96,131,632,"ffn_moe_down-12","blk.12.ffn_down_exps.weight","ffn_moe_swiglu-12"
565,3,MUL_MAT_ID,0,132,80,648,"ffn_moe_down-13","blk.13.ffn_down_exps.weight","ffn_moe_swiglu-13"
566,3,MUL_MAT_ID,0,126,89,589,"ffn_moe_down-14","blk.14.ffn_down_exps.weight","ffn_moe_swiglu-14"
567,3,MUL_MAT_ID,0,128,85,594,"ffn_moe_down-15","blk.15.ffn_down_exps.weight","ffn_moe_swiglu-15"
568,3,MUL_MAT_ID,0,129,80,575,"ffn_moe_down-16","blk.16.ffn_down_exps.weight","ffn_moe_swiglu-16"
569,3,MUL_MAT_ID,0,134,220,766,"ffn_moe_down-17","blk.17.ffn_down_exps.weight","ffn_moe_swiglu-17"
570,3,MUL_MAT_ID,0,211,21,810,"ffn_moe_down-18","blk.18.ffn_down_exps.weight","ffn_moe_swiglu-18"
571,3,MUL_MAT_ID,0,147,73,628,"ffn_moe_down-19","blk.19.ffn_down_exps.weight","ffn_moe_swiglu-19"
572,3,MUL_MAT_ID,0,174,56,614,"ffn_moe_down-20","blk.20.ffn_down_exps.weight","ffn_moe_swiglu-20"
573,3,MUL_MAT_ID,0,163,58,606,"ffn_moe_down-21","blk.21.ffn_down_exps.weight","ffn_moe_swiglu-21"
574,3,MUL_MAT_ID,0,224,10,653,"ffn_moe_down-22","blk.22.ffn_down_exps.weight","ffn_moe_swiglu-22"
575,3,MUL_MAT_ID,0,197,23,620,"ffn_moe_down-23","blk.23.ffn_down_exps.weight","ffn_moe_swiglu-23"
576,3,MUL_MAT_ID,0,276,36,957,"ffn_moe_down-24","blk.24.ffn_down_exps.weight","ffn_moe_swiglu-24"
577,3,MUL_MAT_ID,0,195,18,581,"ffn_moe_down-25","blk.25.ffn_down_exps.weight","ffn_moe_swiglu-25"
578,3,MUL_MAT_ID,0,239,0,617,"ffn_moe_down-26","blk.26.ffn_down_exps.weight","ffn_moe_swiglu-26"
579,3,MUL_MAT_ID,0,205,20,634,"ffn_moe_down-27","blk.27.ffn_down_exps.weight","ffn_moe_swiglu-27"
580,3,MUL_MAT_ID,0,191,20,598,"ffn_moe_down-28","blk.28.ffn_down_exps.weight","ffn_moe_swiglu-28"
581,3,MUL_MAT_ID,0,191,8,565,"ffn_moe_down-29","blk.29.ffn_down_exps.weight","ffn_moe_swiglu-29"
582,3,MUL_MAT_ID,0,321,90,777,"ffn_moe_down-30","blk.30.ffn_down_exps.weight","ffn_moe_swiglu-30"
583,3,MUL_MAT_ID,0,247,1,710,"ffn_moe_down-31","blk.31.ffn_down_exps.weight","ffn_moe_swiglu-31"
584,3,MUL_MAT_ID,0,214,11,607,"ffn_moe_down-32","blk.32.ffn_down_exps.weight","ffn_moe_swiglu-32"
585,3,MUL_MAT_ID,0,200,19,630,"ffn_moe_down-33","blk.33.ffn_down_exps.weight","ffn_moe_swiglu-33"
586,3,MUL_MAT_ID,0,164,53,598,"ffn_moe_down-34","blk.34.ffn_down_exps.weight","ffn_moe_swiglu-34"
587,3,MUL_MAT_ID,0,159,56,591,"ffn_moe_down-35","blk.35.ffn_down_exps.weight","ffn_moe_swiglu-35"
588,3,MUL_MAT_ID,0,161,54,582,"ffn_moe_down-36","blk.36.ffn_down_exps.weight","ffn_moe_swiglu-36"
589,3,MUL_MAT_ID,0,213,9,644,"ffn_moe_down-37","blk.37.ffn_down_exps.weight","ffn_moe_swiglu-37"
590,3,MUL_MAT_ID,0,165,53,761,"ffn_moe_down-38","blk.38.ffn_down_exps.weight","ffn_moe_swiglu-38"
591,3,MUL_MAT_ID,0,159,57,588,"ffn_moe_down-39","blk.39.ffn_down_exps.weight","ffn_moe_swiglu-39"
592,3,MUL_MAT_ID,0,158,55,599,"ffn_moe_down-40","blk.40.ffn_down_exps.weight","ffn_moe_swiglu-40"
593,3,MUL_MAT_ID,0,164,56,599,"ffn_moe_down-41","blk.41.ffn_down_exps.weight","ffn_moe_swiglu-41"
594,3,MUL_MAT_ID,0,226,0,668,"ffn_moe_down-42","blk.42.ffn_down_exps.weight","ffn_moe_swiglu-42"
595,3,MUL_MAT_ID,0,226,5,650,"ffn_moe_down-43","blk.43.ffn_down_exps.weight","ffn_moe_swiglu-43"
596,3,MUL_MAT_ID,0,198,4,584,"ffn_moe_down-44","blk.44.ffn_down_exps.weight","ffn_moe_swiglu-44"
597,3,MUL_MAT_ID,0,196,4,575,"ffn_moe_down-45","blk.45.ffn_down_exps.weight","ffn_moe_swiglu-45"
598,3,MUL_MAT_ID,0,344,11,763,"ffn_moe_down-46","blk.46.ffn_down_exps.weight","ffn_moe_swiglu-46"
599,3,MUL_MAT_ID,0,346,7,738,"ffn_moe_down-47","blk.47.ffn_down_exps.weight","ffn_moe_swiglu-47"
600,0,GET_ROWS,0,17,0,17,"model.input_embed","token_embd.weight","inp_tokens"
601,3,MUL_MAT_ID,0,114,84,576,"ffn_moe_down-0","blk.0.ffn_down_exps.weight","ffn_moe_swiglu-0"
603,3,MUL_MAT_ID,0,160,55,602,"ffn_moe_down-1","blk.1.ffn_down_exps.weight","ffn_moe_swiglu-1"
604,3,MUL_MAT_ID,0,307,18,753,"ffn_moe_down-2","blk.2.ffn_down_exps.weight","ffn_moe_swiglu-2"
605,3,MUL_MAT_ID,0,168,57,585,"ffn_moe_down-3","blk.3.ffn_down_exps.weight","ffn_moe_swiglu-3"
606,3,MUL_MAT_ID,0,300,20,683,"ffn_moe_down-4","blk.4.ffn_down_exps.weight","ffn_moe_swiglu-4"
607,3,MUL_MAT_ID,0,193,36,635,"ffn_moe_down-5","blk.5.ffn_down_exps.weight","ffn_moe_swiglu-5"
608,3,MUL_MAT_ID,0,114,114,616,"ffn_moe_down-6","blk.6.ffn_down_exps.weight","ffn_moe_swiglu-6"
609,3,MUL_MAT_ID,0,111,111,588,"ffn_moe_down-7","blk.7.ffn_down_exps.weight","ffn_moe_swiglu-7"
610,3,MUL_MAT_ID,0,296,83,1228,"ffn_moe_down-8","blk.8.ffn_down_exps.weight","ffn_moe_swiglu-8"
611,3,MUL_MAT_ID,0,205,22,647,"ffn_moe_down-9","blk.9.ffn_down_exps.weight","ffn_moe_swiglu-9"
612,3,MUL_MAT_ID,0,199,21,620,"ffn_moe_down-10","blk.10.ffn_down_exps.weight","ffn_moe_swiglu-10"
613,3,MUL_MAT_ID,0,159,59,654,"ffn_moe_down-11","blk.11.ffn_down_exps.weight","ffn_moe_swiglu-11"
614,3,MUL_MAT_ID,0,156,59,580,"ffn_moe_down-12","blk.12.ffn_down_exps.weight","ffn_moe_swiglu-12"
615,3,MUL_MAT_ID,0,158,52,571,"ffn_moe_down-13","blk.13.ffn_down_exps.weight","ffn_moe_swiglu-13"
616,3,MUL_MAT_ID,0,158,55,590,"ffn_moe_down-14","blk.14.ffn_down_exps.weight","ffn_moe_swiglu-14"
617,3,MUL_MAT_ID,0,217,7,626,"ffn_moe_down-15","blk.15.ffn_down_exps.weight","ffn_moe_swiglu-15"
618,3,MUL_MAT_ID,0,187,31,625,"ffn_moe_down-16","blk.16.ffn_down_exps.weight","ffn_moe_swiglu-16"
619,3,MUL_MAT_ID,0,160,51,606,"ffn_moe_down-17","blk.17.ffn_down_exps.weight","ffn_moe_swiglu-17"
620,3,MUL_MAT_ID,0,161,52,567,"ffn_moe_down-18","blk.18.ffn_down_exps.weight","ffn_moe_swiglu-18"
621,3,MUL_MAT_ID,0,157,58,589,"ffn_moe_down-19","blk.19.ffn_down_exps.weight","ffn_moe_swiglu-19"
622,3,MUL_MAT_ID,0,256,73,1106,"ffn_moe_down-20","blk.20.ffn_down_exps.weight","ffn_moe_swiglu-20"
623,3,MUL_MAT_ID,0,146,93,770,"ffn_moe_down-21","blk.21.ffn_down_exps.weight","ffn_moe_swiglu-21"
624,3,MUL_MAT_ID,0,129,92,603,"ffn_moe_down-22","blk.22.ffn_down_exps.weight","ffn_moe_swiglu-22"
625,3,MUL_MAT_ID,0,130,86,579,"ffn_moe_down-23","blk.23.ffn_down_exps.weight","ffn_moe_swiglu-23"
626,3,MUL_MAT_ID,0,128,88,582,"ffn_moe_down-24","blk.24.ffn_down_exps.weight","ffn_moe_swiglu-24"
627,3,MUL_MAT_ID,0,135,92,608,"ffn_moe_down-25","blk.25.ffn_down_exps.weight","ffn_moe_swiglu-25"
628,3,MUL_MAT_ID,0,277,136,1125,"ffn_moe_down-26","blk.26.ffn_down_exps.weight","ffn_moe_swiglu-26"
629,3,MUL_MAT_ID,0,165,191,1000,"ffn_moe_down-27","blk.27.ffn_down_exps.weight","ffn_moe_swiglu-27"
630,3,MUL_MAT_ID,0,113,108,591,"ffn_moe_down-28","blk.28.ffn_down_exps.weight","ffn_moe_swiglu-28"
631,3,MUL_MAT_ID,0,110,103,584,"ffn_moe_down-29","blk.29.ffn_down_exps.weight","ffn_moe_swiglu-29"
632,3,MUL_MAT_ID,0,325,12,754,"ffn_moe_down-30","blk.30.ffn_down_exps.weight","ffn_moe_swiglu-30"
633,3,MUL_MAT_ID,0,171,52,644,"ffn_moe_down-31","blk.31.ffn_down_exps.weight","ffn_moe_swiglu-31"
634,3,MUL_MAT_ID,0,160,38,601,"ffn_moe_down-32","blk.32.ffn_down_exps.weight","ffn_moe_swiglu-32"
635,3,MUL_MAT_ID,0,281,87,1069,"ffn_moe_down-33","blk.33.ffn_down_exps.weight","ffn_moe_swiglu-33"
636,3,MUL_MAT_ID,0,199,6,605,"ffn_moe_down-34","blk.34.ffn_down_exps.weight","ffn_moe_swiglu-34"
637,3,MUL_MAT_ID,0,120,128,775,"ffn_moe_down-35","blk.35.ffn_down_exps.weight","ffn_moe_swiglu-35"
638,3,MUL_MAT_ID,0,237,3,729,"ffn_moe_down-36","blk.36.ffn_down_exps.weight","ffn_moe_swiglu-36"
639,3,MUL_MAT_ID,0,217,6,614,"ffn_moe_down-37","blk.37.ffn_down_exps.weight","ffn_moe_swiglu-37"
640,3,MUL_MAT_ID,0,212,9,599,"ffn_moe_down-38","blk.38.ffn_down_exps.weight","ffn_moe_swiglu-38"
641,3,MUL_MAT_ID,0,206,6,597,"ffn_moe_down-39","blk.39.ffn_down_exps.weight","ffn_moe_swiglu-39"
642,3,MUL_MAT_ID,0,235,6,722,"ffn_moe_down-40","blk.40.ffn_down_exps.weight","ffn_moe_swiglu-40"
643,3,MUL_MAT_ID,0,404,11,1185,"ffn_moe_down-41","blk.41.ffn_down_exps.weight","ffn_moe_swiglu-41"
644,3,MUL_MAT_ID,0,226,1,603,"ffn_moe_down-42","blk.42.ffn_down_exps.weight","ffn_moe_swiglu-42"
645,3,MUL_MAT_ID,0,150,207,1040,"ffn_moe_down-43","blk.43.ffn_down_exps.weight","ffn_moe_swiglu-43"
646,3,MUL_MAT_ID,0,230,3,612,"ffn_moe_down-44","blk.44.ffn_down_exps.weight","ffn_moe_swiglu-44"
647,3,MUL_MAT_ID,0,229,4,638,"ffn_moe_down-45","blk.45.ffn_down_exps.weight","ffn_moe_swiglu-45"
648,3,MUL_MAT_ID,0,326,3,743,"ffn_moe_down-46","blk.46.ffn_down_exps.weight","ffn_moe_swiglu-46"
649,3,MUL_MAT_ID,0,321,0,702,"ffn_moe_down-47","blk.47.ffn_down_exps.weight","ffn_moe_swiglu-47"
650,0,GET_ROWS,0,4,0,4,"model.input_embed","token_embd.weight","inp_tokens"
651,3,MUL_MAT_ID,0,233,1,624,"ffn_moe_down-0","blk.0.ffn_down_exps.weight","ffn_moe_swiglu-0"
653,3,MUL_MAT_ID,0,206,5,607,"ffn_moe_down-1","blk.1.ffn_down_exps.weight","ffn_moe_swiglu-1"
654,3,MUL_MAT_ID,0,832,130,1995,"ffn_moe_down-2","blk.2.ffn_down_exps.weight","ffn_moe_swiglu-2"
655,3,MUL_MAT_ID,0,205,20,612,"ffn_moe_down-3","blk.3.ffn_down_exps.weight","ffn_moe_swiglu-3"
656,3,MUL_MAT_ID,0,345,437,1614,"ffn_moe_down-4","blk.4.ffn_down_exps.weight","ffn_moe_swiglu-4"
657,3,MUL_MAT_ID,0,192,23,582,"ffn_moe_down-5","blk.5.ffn_down_exps.weight","ffn_moe_swiglu-5"
658,3,MUL_MAT_ID,0,353,0,1028,"ffn_moe_down-6","blk.6.ffn_down_exps.weight","ffn_moe_swiglu-6"
659,3,MUL_MAT_ID,0,222,9,615,"ffn_moe_down-7","blk.7.ffn_down_exps.weight","ffn_moe_swiglu-7"
660,3,MUL_MAT_ID,0,194,5,561,"ffn_moe_down-8","blk.8.ffn_down_exps.weight","ffn_moe_swiglu-8"
661,3,MUL_MAT_ID,0,367,13,1189,"ffn_moe_down-9","blk.9.ffn_down_exps.weight","ffn_moe_swiglu-9"
662,3,MUL_MAT_ID,0,217,9,603,"ffn_moe_down-10","blk.10.ffn_down_exps.weight","ffn_moe_swiglu-10"
663,3,MUL_MAT_ID,0,96,127,622,"ffn_moe_down-11","blk.11.ffn_down_exps.weight","ffn_moe_swiglu-11"
664,3,MUL_MAT_ID,0,185,255,1258,"ffn_moe_down-12","blk.12.ffn_down_exps.weight","ffn_moe_swiglu-12"
665,3,MUL_MAT_ID,0,98,128,593,"ffn_moe_down-13","blk.13.ffn_down_exps.weight","ffn_moe_swiglu-13"
666,3,MUL_MAT_ID,0,97,122,592,"ffn_moe_down-14","blk.14.ffn_down_exps.weight","ffn_moe_swiglu-14"
667,3,MUL_MAT_ID,0,103,127,599,"ffn_moe_down-15","blk.15.ffn_down_exps.weight","ffn_moe_swiglu-15"
668,3,MUL_MAT_ID,0,103,118,625,"ffn_moe_down-16","blk.16.ffn_down_exps.weight","ffn_moe_swiglu-16"
669,3,MUL_MAT_ID,0,97,127,613,"ffn_moe_down-17","blk.17.ffn_down_exps.weight","ffn_moe_swiglu-17"
670,3,MUL_MAT_ID,0,213,2,588,"ffn_moe_down-18","blk.18.ffn_down_exps.weight","ffn_moe_swiglu-18"
671,3,MUL_MAT_ID,0,218,1,605,"ffn_moe_down-19","blk.19.ffn_down_exps.weight","ffn_moe_swiglu-19"
672,3,MUL_MAT_ID,0,218,1,594,"ffn_moe_down-20","blk.20.ffn_down_exps.weight","ffn_moe_swiglu-20"
673,3,MUL_MAT_ID,0,448,3,1258,"ffn_moe_down-21","blk.21.ffn_down_exps.weight","ffn_moe_swiglu-21"
674,3,MUL_MAT_ID,0,220,1,671,"ffn_moe_down-22","blk.22.ffn_down_exps.weight","ffn_moe_swiglu-22"
675,3,MUL_MAT_ID,0,376,2,1039,"ffn_moe_down-23","blk.23.ffn_down_exps.weight","ffn_moe_swiglu-23"
676,3,MUL_MAT_ID,0,209,0,588,"ffn_moe_down-24","blk.24.ffn_down_exps.weight","ffn_moe_swiglu-24"
677,3,MUL_MAT_ID,0,218,13,639,"ffn_moe_down-25","blk.25.ffn_down_exps.weight","ffn_moe_swiglu-25"
678,3,MUL_MAT_ID,0,205,20,646,"ffn_moe_down-26","blk.26.ffn_down_exps.weight","ffn_moe_swiglu-26"
679,3,MUL_MAT_ID,0,213,6,625,"ffn_moe_down-27","blk.27.ffn_down_exps.weight","ffn_moe_swiglu-27"
680,3,MUL_MAT_ID,0,201,2,563,"ffn_moe_down-28","blk.28.ffn_down_exps.weight","ffn_moe_swiglu-28"
681,3,MUL_MAT_ID,0,196,4,575,"ffn_moe_down-29","blk.29.ffn_down_exps.weight","ffn_moe_swiglu-29"
682,3,MUL_MAT_ID,0,322,340,1377,"ffn_moe_down-30","blk.30.ffn_down_exps.weight","ffn_moe_swiglu-30"
683,3,MUL_MAT_ID,0,210,9,736,"ffn_moe_down-31","blk.31.ffn_down_exps.weight","ffn_moe_swiglu-31"
684,3,MUL_MAT_ID,0,200,18,597,"ffn_moe_down-32","blk.32.ffn_down_exps.weight","ffn_moe_swiglu-32"
685,3,MUL_MAT_ID,0,192,25,588,"ffn_moe_down-33","blk.33.ffn_down_exps.weight","ffn_moe_swiglu-33"
686,3,MUL_MAT_ID,0,193,25,591,"ffn_moe_down-34","blk.34.ffn_down_exps.weight","ffn_moe_swiglu-34"
687,3,MUL_MAT_ID,0,219,2,620,"ffn_moe_down-35","blk.35.ffn_down_exps.weight","ffn_moe_swiglu-35"
688,3,MUL_MAT_ID,0,138,87,730,"ffn_moe_down-36","blk.36.ffn_down_exps.weight","ffn_moe_swiglu-36"
689,3,MUL_MAT_ID,0,128,88,603,"ffn_moe_down-37","blk.37.ffn_down_exps.weight","ffn_moe_swiglu-37"
690,3,MUL_MAT_ID,0,128,90,592,"ffn_moe_down-38","blk.38.ffn_down_exps.weight","ffn_moe_swiglu-38"
691,3,MUL_MAT_ID,0,129,83,577,"ffn_moe_down-39","blk.39.ffn_down_exps.weight","ffn_moe_swiglu-39"
692,3,MUL_MAT_ID,0,134,102,629,"ffn_moe_down-40","blk.40.ffn_down_exps.weight","ffn_moe_swiglu-40"
693,3,MUL_MAT_ID,0,182,211,1118,"ffn_moe_down-41","blk.41.ffn_down_exps.weight","ffn_moe_swiglu-41"
694,3,MUL_MAT_ID,0,138,77,585,"ffn_moe_down-42","blk.42.ffn_down_exps.weight","ffn_moe_swiglu-42"
695,3,MUL_MAT_ID,0,133,86,592,"ffn_moe_down-43","blk.43.ffn_down_exps.weight","ffn_moe_swiglu-43"
696,3,MUL_MAT_ID,0,129,89,599,"ffn_moe_down-44","blk.44.ffn_down_exps.weight","ffn_moe_swiglu-44"
697,3,MUL_MAT_ID,0,153,200,799,"ffn_moe_down-45","blk.45.ffn_down_exps.weight","ffn_moe_swiglu-45"
698,3,MUL_MAT_ID,0,299,36,746,"ffn_moe_down-46","blk.46.ffn_down_exps.weight","ffn_moe_swiglu-46"
699,3,MUL_MAT_ID,0,287,40,729,"ffn_moe_down-47","blk.47.ffn_down_exps.weight","ffn_moe_swiglu-47"
700,0,GET_ROWS,0,3,0,3,"model.input_embed","token_embd.weight","inp_tokens"
701,3,MUL_MAT_ID,0,147,69,584,"ffn_moe_down-0","blk.0.ffn_down_exps.weight","ffn_moe_swiglu-0"
703,3,MUL_MAT_ID,0,322,58,1241,"ffn_moe_down-1","blk.1.ffn_down_exps.weight","ffn_moe_swiglu-1"
704,3,MUL_MAT_ID,0,610,70,1510,"ffn_moe_down-2","blk.2.ffn_down_exps.weight","ffn_moe_swiglu-2"
705,3,MUL_MAT_ID,0,237,144,1052,"ffn_moe_down-3","blk.3.ffn_down_exps.weight","ffn_moe_swiglu-3"
706,3,MUL_MAT_ID,0,573,250,1622,"ffn_moe_down-4","blk.4.ffn_down_exps.weight","ffn_moe_swiglu-4"
707,3,MUL_MAT_ID,0,265,72,970,"ffn_moe_down-5","blk.5.ffn_down_exps.weight","ffn_moe_swiglu-5"
708,3,MUL_MAT_ID,0,128,72,557,"ffn_moe_down-6","blk.6.ffn_down_exps.weight","ffn_moe_swiglu-6"
709,3,MUL_MAT_ID,0,127,177,665,"ffn_moe_down-7","blk.7.ffn_down_exps.weight","ffn_moe_swiglu-7"
710,3,MUL_MAT_ID,0,218,97,976,"ffn_moe_down-8","blk.8.ffn_down_exps.weight","ffn_moe_swiglu-8"
711,3,MUL_MAT_ID,0,125,95,631,"ffn_moe_down-9","blk.9.ffn_down_exps.weight","ffn_moe_swiglu-9"
712,3,MUL_MAT_ID,0,123,93,608,"ffn_moe_down-10","blk.10.ffn_down_exps.weight","ffn_moe_swiglu-10"
713,3,MUL_MAT_ID,0,129,99,606,"ffn_moe_down-11","blk.11.ffn_down_exps.weight","ffn_moe_swiglu-11"
714,3,MUL_MAT_ID,0,208,16,703,"ffn_moe_down-12","blk.12.ffn_down_exps.weight","ffn_moe_swiglu-12"
715,3,MUL_MAT_ID,0,219,2,680,"ffn_moe_down-13","blk.13.ffn_down_exps.weight","ffn_moe_swiglu-13"
716,3,MUL_MAT_ID,0,205,19,617,"ffn_moe_down-14","blk.14.ffn_down_exps.weight","ffn_moe_swiglu-14"
717,3,MUL_MAT_ID,0,322,45,1027,"ffn_moe_down-15","blk.15.ffn_down_exps.weight","ffn_moe_swiglu-15"
718,3,MUL_MAT_ID,0,191,11,566,"ffn_moe_down-16","blk.16.ffn_down_exps.weight","ffn_moe_swiglu-16"
719,3,MUL_MAT_ID,0,200,1,561,"ffn_moe_down-17","blk.17.ffn_down_exps.weight","ffn_moe_swiglu-17"
720,3,MUL_MAT_ID,0,222,17,617,"ffn_moe_down-18","blk.18.ffn_down_exps.weight","ffn_moe_swiglu-18"
721,3,MUL_MAT_ID,0,207,28,650,"ffn_moe_down-19","blk.19.ffn_down_exps.weight","ffn_moe_swiglu-19"
722,3,MUL_MAT_ID,0,192,15,668,"ffn_moe_down-20","blk.20.ffn_down_exps.weight","ffn_moe_swiglu-20"
723,3,MUL_MAT_ID,0,193,4,573,"ffn_moe_down-21","blk.21.ffn_down_exps.weight","ffn_moe_swiglu-21"
724,3,MUL_MAT_ID,0,198,7,579,"ffn_moe_down-22","blk.22.ffn_down_exps.weight","ffn_moe_swiglu-22"
725,3,MUL_MAT_ID,0,201,1,568,"ffn_moe_down-23","blk.23.ffn_down_exps.weight","ffn_moe_swiglu-23"
726,3,MUL_MAT_ID,0,213,12,636,"ffn_moe_down-24","blk.24.ffn_down_exps.weight","ffn_moe_swiglu-24"
727,3,MUL_MAT_ID,0,162,57,666,"ffn_moe_down-25","blk.25.ffn_down_exps.weight","ffn_moe_swiglu-25"
728,3,MUL_MAT_ID,0,198,22,601,"ffn_moe_down-26","blk.26.ffn_down_exps.weight","ffn_moe_swiglu-26"
729,3,MUL_MAT_ID,0,113,116,620,"ffn_moe_down-27","blk.27.ffn_down_exps.weight","ffn_moe_swiglu-27"
730,3,MUL_MAT_ID,0,242,126,994,"ffn_moe_down-28","blk.28.ffn_down_exps.weight","ffn_moe_swiglu-28"
731,3,MUL_MAT_ID,0,98,126,619,"ffn_moe_down-29","blk.29.ffn_down_exps.weight","ffn_moe_swiglu-29"
732,3,MUL_MAT_ID,0,294,54,750,"ffn_moe_down-30","blk.30.ffn_down_exps.weight","ffn_moe_swiglu-30"
733,3,MUL_MAT_ID,0,116,112,622,"ffn_moe_down-31","blk.31.ffn_down_exps.weight","ffn_moe_swiglu-31"
734,3,MUL_MAT_ID,0,95,119,587,"ffn_moe_down-32","blk.32.ffn_down_exps.weight","ffn_moe_swiglu-32"
735,3,MUL_MAT_ID,0,92,132,602,"ffn_moe_down-33","blk.33.ffn_down_exps.weight","ffn_moe_swiglu-33"
736,3,MUL_MAT_ID,0,124,109,759,"ffn_moe_down-34","blk.34.ffn_down_exps.weight","ffn_moe_swiglu-34"
737,3,MUL_MAT_ID,0,107,118,626,"ffn_moe_down-35","blk.35.ffn_down_exps.weight","ffn_moe_swiglu-35"
738,3,MUL_MAT_ID,0,101,116,596,"ffn_moe_down-36","blk.36.ffn_down_exps.weight","ffn_moe_swiglu-36"
739,3,MUL_MAT_ID,0,119,85,584,"ffn_moe_down-37","blk.37.ffn_down_exps.weight","ffn_moe_swiglu-37"
740,3,MUL_MAT_ID,0,193,5,577,"ffn_moe_down-38","blk.38.ffn_down_exps.weight","ffn_moe_swiglu-38"
741,3,MUL_MAT_ID,0,222,1,635,"ffn_moe_down-39","blk.39.ffn_down_exps.weight","ffn_moe_swiglu-39"
742,3,MUL_MAT_ID,0,235,3,794,"ffn_moe_down-40","blk.40.ffn_down_exps.weight","ffn_moe_swiglu-40"
743,3,MUL_MAT_ID,0,205,3,612,"ffn_moe_down-41","blk.41.ffn_down_exps.weight","ffn_moe_swiglu-41"
744,3,MUL_MAT_ID,0,196,20,595,"ffn_moe_down-42","blk.42.ffn_down_exps.weight","ffn_moe_swiglu-42"
745,3,MUL_MAT_ID,0,194,17,583,"ffn_moe_down-43","blk.43.ffn_down_exps.weight","ffn_moe_swiglu-43"
746,3,MUL_MAT_ID,0,103,135,638,"ffn_moe_down-44","blk.44.ffn_down_exps.weight","ffn_moe_swiglu-44"
747,3,MUL_MAT_ID,0,129,97,621,"ffn_moe_down-45","blk.45.ffn_down_exps.weight","ffn_moe_swiglu-45"
748,3,MUL_MAT_ID,0,270,54,682,"ffn_moe_down-46","blk.46.ffn_down_exps.weight","ffn_moe_swiglu-46"
749,3,MUL_MAT_ID,0,279,39,683,"ffn_moe_down-47","blk.47.ffn_down_exps.weight","ffn_moe_swiglu-47"
750,0,GET_ROWS,0,20,0,20,"model.input_embed","token_embd.weight","inp_tokens"
751,3,MUL_MAT_ID,0,165,296,1403,"ffn_moe_down-0","blk.0.ffn_down_exps.weight","ffn_moe_swiglu-0"
753,3,MUL_MAT_ID,0,330,32,1049,"ffn_moe_down-1","blk.1.ffn_down_exps.weight","ffn_moe_swiglu-1"
754,3,MUL_MAT_ID,0,373,257,1416,"ffn_moe_down-2","blk.2.ffn_down_exps.weight","ffn_moe_swiglu-2"
755,3,MUL_MAT_ID,0,218,3,603,"ffn_moe_down-3","blk.3.ffn_down_exps.weight","ffn_moe_swiglu-3"
756,3,MUL_MAT_ID,0,317,2,689,"ffn_moe_down-4","blk.4.ffn_down_exps.weight","ffn_moe_swiglu-4"
757,3,MUL_MAT_ID,0,213,4,597,"ffn_moe_down-5","blk.5.ffn_down_exps.weight","ffn_moe_swiglu-5"
758,3,MUL_MAT_ID,0,237,4,647,"ffn_moe_down-6","blk.6.ffn_down_exps.weight","ffn_moe_swiglu-6"
759,3,MUL_MAT_ID,0,208,3,694,"ffn_moe_down-7","blk.7.ffn_down_exps.weight","ffn_moe_swiglu-7"
760,3,MUL_MAT_ID,0,206,1,585,"ffn_moe_down-8","blk.8.ffn_down_exps.weight","ffn_moe_swiglu-8"
761,3,MUL_MAT_ID,0,210,1,633,"ffn_moe_down-9","blk.9.ffn_down_exps.weight","ffn_moe_swiglu-9"
762,3,MUL_MAT_ID,0,207,1,587,"ffn_moe_down-10","blk.10.ffn_down_exps.weight","ffn_moe_swiglu-10"
763,3,MUL_MAT_ID,0,218,5,627,"ffn_moe_down-11","blk.11.ffn_down_exps.weight","ffn_moe_swiglu-11"
764,3,MUL_MAT_ID,0,209,10,642,"ffn_moe_down-12","blk.12.ffn_down_exps.weight","ffn_moe_swiglu-12"
765,3,MUL_MAT_ID,0,151,63,575,"ffn_moe_down-13","blk.13.ffn_down_exps.weight","ffn_moe_swiglu-13"
766,3,MUL_MAT_ID,0,147,64,572,"ffn_moe_down-14","blk.14.ffn_down_exps.weight","ffn_moe_swiglu-14"
767,3,MUL_MAT_ID,0,148,68,582,"ffn_moe_down-15","blk.15.ffn_down_exps.weight","ffn_moe_swiglu-15"
768,3,MUL_MAT_ID,0,224,10,713,"ffn_moe_down-16","blk.16.ffn_down_exps.weight","ffn_moe_swiglu-16"
769,3,MUL_MAT_ID,0,210,20,648,"ffn_moe_down-17","blk.17.ffn_down_exps.weight","ffn_moe_swiglu-17"
770,3,MUL_MAT_ID,0,213,15,631,"ffn_moe_down-18","blk.18.ffn_down_exps.weight","ffn_moe_swiglu-18"
771,3,MUL_MAT_ID,0,194,10,576,"ffn_moe_down-19","blk.19.ffn_down_exps.weight","ffn_moe_swiglu-19"
772,3,MUL_MAT_ID,0,165,52,593,"ffn_moe_down-20","blk.20.ffn_down_exps.weight","ffn_moe_swiglu-20"
773,3,MUL_MAT_ID,0,272,92,997,"ffn_moe_down-21","blk.21.ffn_down_exps.weight","ffn_moe_swiglu-21"
774,3,MUL_MAT_ID,0,232,0,663,"ffn_moe_down-22","blk.22.ffn_down_exps.weight","ffn_moe_swiglu-22"
775,3,MUL_MAT_ID,0,106,121,734,"ffn_moe_down-23","blk.23.ffn_down_exps.weight","ffn_moe_swiglu-23"
776,3,MUL_MAT_ID,0,97,122,598,"ffn_moe_down-24","blk.24.ffn_down_exps.weight","ffn_moe_swiglu-24"
777,3,MUL_MAT_ID,0,96,125,589,"ffn_moe_down-25","blk.25.ffn_down_exps.weight","ffn_moe_swiglu-25"
778,3,MUL_MAT_ID,0,119,309,1236,"ffn_moe_down-26","blk.26.ffn_down_exps.weight","ffn_moe_swiglu-26"
779,3,MUL_MAT_ID,0,231,93,1012,"ffn_moe_down-27","blk.27.ffn_down_exps.weight","ffn_moe_swiglu-27"
780,3,MUL_MAT_ID,0,126,90,580,"ffn_moe_down-28","blk.28.ffn_down_exps.weight","ffn_moe_swiglu-28"
781,3,MUL_MAT_ID,0,212,20,729,"ffn_moe_down-29","blk.29.ffn_down_exps.weight","ffn_moe_swiglu-29"
782,3,MUL_MAT_ID,0,333,0,719,"ffn_moe_down-30","blk.30.ffn_down_exps.weight","ffn_moe_swiglu-30"
783,3,MUL_MAT_ID,0,228,13,825,"ffn_moe_down-31","blk.31.ffn_down_exps.weight","ffn_moe_swiglu-31"
784,3,MUL_MAT_ID,0,125,94,634,"ffn_moe_down-32","blk.32.ffn_down_exps.weight","ffn_moe_swiglu-32"
785,3,MUL_MAT_ID,0,121,95,623,"ffn_moe_down-33","blk.33.ffn_down_exps.weight","ffn_moe_swiglu-33"
786,3,MUL_MAT_ID,0,222,171,1122,"ffn_moe_down-34","blk.34.ffn_down_exps.weight","ffn_moe_swiglu-34"
787,3,MUL_MAT_ID,0,124,102,671,"ffn_moe_down-35","blk.35.ffn_down_exps.weight","ffn_moe_swiglu-35"
788,3,MUL_MAT_ID,0,130,93,617,"ffn_moe_down-36","blk.36.ffn_down_exps.weight","ffn_moe_swiglu-36"
789,3,MUL_MAT_ID,0,140,74,619,"ffn_moe_down-37","blk.37.ffn_down_exps.weight","ffn_moe_swiglu-37"
790,3,MUL_MAT_ID,0,121,91,583,"ffn_moe_down-38","blk.38.ffn_down_exps.weight","ffn_moe_swiglu-38"
791,3,MUL_MAT_ID,0,120,96,595,"ffn_moe_down-39","blk.39.ffn_down_exps.weight","ffn_moe_swiglu-39"
792,3,MUL_MAT_ID,0,120,88,579,"ffn_moe_down-40","blk.40.ffn_down_exps.weight","ffn_moe_swiglu-40"
793,3,MUL_MAT_ID,0,133,102,653,"ffn_moe_down-41","blk.41.ffn_down_exps.weight","ffn_moe_swiglu-41"
794,3,MUL_MAT_ID,0,126,98,613,"ffn_moe_down-42","blk.42.ffn_down_exps.weight","ffn_moe_swiglu-42"
795,3,MUL_MAT_ID,0,125,95,622,"ffn_moe_down-43","blk.43.ffn_down_exps.weight","ffn_moe_swiglu-43"
796,3,MUL_MAT_ID,0,129,93,604,"ffn_moe_down-44","blk.44.ffn_down_exps.weight","ffn_moe_swiglu-44"
797,3,MUL_MAT_ID,0,124,88,590,"ffn_moe_down-45","blk.45.ffn_down_exps.weight","ffn_moe_swiglu-45"
798,3,MUL_MAT_ID,0,287,58,741,"ffn_moe_down-46","blk.46.ffn_down_exps.weight","ffn_moe_swiglu-46"
799,3,MUL_MAT_ID,0,334,6,748,"ffn_moe_down-47","blk.47.ffn_down_exps.weight","ffn_moe_swiglu-47"
800,0,GET_ROWS,0,4,0,4,"model.input_embed","token_embd.weight","inp_tokens"
801,3,MUL_MAT_ID,0,236,214,1285,"ffn_moe_down-0","blk.0.ffn_down_exps.weight","ffn_moe_swiglu-0"
803,3,MUL_MAT_ID,0,206,29,625,"ffn_moe_down-1","blk.1.ffn_down_exps.weight","ffn_moe_swiglu-1"
804,3,MUL_MAT_ID,0,342,71,935,"ffn_moe_down-2","blk.2.ffn_down_exps.weight","ffn_moe_swiglu-2"
805,3,MUL_MAT_ID,0,97,124,613,"ffn_moe_down-3","blk.3.ffn_down_exps.weight","ffn_moe_swiglu-3"
806,3,MUL_MAT_ID,0,185,141,702,"ffn_moe_down-4","blk.4.ffn_down_exps.weight","ffn_moe_swiglu-4"
807,3,MUL_MAT_ID,0,92,129,598,"ffn_moe_down-5","blk.5.ffn_down_exps.weight","ffn_moe_swiglu-5"
808,3,MUL_MAT_ID,0,97,130,606,"ffn_moe_down-6","blk.6.ffn_down_exps.weight","ffn_moe_swiglu-6"
809,3,MUL_MAT_ID,0,107,126,627,"ffn_moe_down-7","blk.7.ffn_down_exps.weight","ffn_moe_swiglu-7"
810,3,MUL_MAT_ID,0,194,33,796,"ffn_moe_down-8","blk.8.ffn_down_exps.weight","ffn_moe_swiglu-8"
811,3,MUL_MAT_ID,0,189,34,599,"ffn_moe_down-9","blk.9.ffn_down_exps.weight","ffn_moe_swiglu-9"
812,3,MUL_MAT_ID,0,132,263,1181,"ffn_moe_down-10","blk.10.ffn_down_exps.weight","ffn_moe_swiglu-10"
813,3,MUL_MAT_ID,0,225,100,920,"ffn_moe_down-11","blk.11.ffn_down_exps.weight","ffn_moe_swiglu-11"
814,3,MUL_MAT_ID,0,213,12,630,"ffn_moe_down-12","blk.12.ffn_down_exps.weight","ffn_moe_swiglu-12"
815,3,MUL_MAT_ID,0,125,93,608,"ffn_moe_down-13","blk.13.ffn_down_exps.weight","ffn_moe_swiglu-13"
816,3,MUL_MAT_ID,0,139,86,606,"ffn_moe_down-14","blk.14.ffn_down_exps.weight","ffn_moe_swiglu-14"
817,3,MUL_MAT_ID,0,124,91,599,"ffn_moe_down-15","blk.15.ffn_down_exps.weight","ffn_moe_swiglu-15"
818,3,MUL_MAT_ID,0,144,117,707,"ffn_moe_down-16","blk.16.ffn_down_exps.weight","ffn_moe_swiglu-16"
819,3,MUL_MAT_ID,0,95,144,651,"ffn_moe_down-17","blk.17.ffn_down_exps.weight","ffn_moe_swiglu-17"
820,3,MUL_MAT_ID,0,201,200,1119,"ffn_moe_down-18","blk.18.ffn_down_exps.weight","ffn_moe_swiglu-18"
821,3,MUL_MAT_ID,0,100,125,590,"ffn_moe_down-19","blk.19.ffn_down_exps.weight","ffn_moe_swiglu-19"
822,3,MUL_MAT_ID,0,97,121,601,"ffn_moe_down-20","blk.20.ffn_down_exps.weight","ffn_moe_swiglu-20"
823,3,MUL_MAT_ID,0,187,235,1212,"ffn_moe_down-21","blk.21.ffn_down_exps.weight","ffn_moe_swiglu-21"
824,3,MUL_MAT_ID,0,111,201,937,"ffn_moe_down-22","blk.22.ffn_down_exps.weight","ffn_moe_swiglu-22"
825,3,MUL_MAT_ID,0,122,97,596,"ffn_moe_down-23","blk.23.ffn_down_exps.weight","ffn_moe_swiglu-23"
826,3,MUL_MAT_ID,0,256,173,1216,"ffn_moe_down-24","blk.24.ffn_down_exps.weight","ffn_moe_swiglu-24"
827,3,MUL_MAT_ID,0,133,99,657,"ffn_moe_down-25","blk.25.ffn_down_exps.weight","ffn_moe_swiglu-25"
828,3,MUL_MAT_ID,0,138,96,630,"ffn_moe_down-26","blk.26.ffn_down_exps.weight","ffn_moe_swiglu-26"
829,3,MUL_MAT_ID,0,205,104,920,"ffn_moe_down-27","blk.27.ffn_down_exps.weight","ffn_moe_swiglu-27"
830,3,MUL_MAT_ID,0,302,189,1301,"ffn_moe_down-28","blk.28.ffn_down_exps.weight","ffn_moe_swiglu-28"
831,3,MUL_MAT_ID,0,406,63,1430,"ffn_moe_down-29","blk.29.ffn_down_exps.weight","ffn_moe_swiglu-29"
832,3,MUL_MAT_ID,0,531,32,1222,"ffn_moe_down-30","blk.30.ffn_down_exps.weight","ffn_moe_swiglu-30"
833,3,MUL_MAT_ID,0,207,11,593,"ffn_moe_down-31","blk.31.ffn_down_exps.weight","ffn_moe_swiglu-31"
834,3,MUL_MAT_ID,0,212,11,759,"ffn_moe_down-32","blk.32.ffn_down_exps.weight","ffn_moe_swiglu-32"
835,3,MUL_MAT_ID,0,218,10,623,"ffn_moe_down-33","blk.33.ffn_down_exps.weight","ffn_moe_swiglu-33"
836,3,MUL_MAT_ID,0,218,4,616,"ffn_moe_down-34","blk.34.ffn_down_exps.weight","ffn_moe_swiglu-34"
837,3,MUL_MAT_ID,0,96,121,602,"ffn_moe_down-35","blk.35.ffn_down_exps.weight","ffn_moe_swiglu-35"
838,3,MUL_MAT_ID,0,94,123,593,"ffn_moe_down-36","blk.36.ffn_down_exps.weight","ffn_moe_swiglu-36"
839,3,MUL_MAT_ID,0,95,123,614,"ffn_moe_down-37","blk.37.ffn_down_exps.weight","ffn_moe_swiglu-37"
840,3,MUL_MAT_ID,0,95,117,577,"ffn_moe_down-38","blk.38.ffn_down_exps.weight","ffn_moe_swiglu-38"
841,3,MUL_MAT_ID,0,92,135,613,"ffn_moe_down-39","blk.39.ffn_down_exps.weight","ffn_moe_swiglu-39"
842,3,MUL_MAT_ID,0,199,20,613,"ffn_moe_down-40","blk.40.ffn_down_exps.weight","ffn_moe_swiglu-40"
843,3,MUL_MAT_ID,0,186,23,607,"ffn_moe_down-41","blk.41.ffn_down_exps.weight","ffn_moe_swiglu-41"
844,3,MUL_MAT_ID,0,128,95,628,"ffn_moe_down-42","blk.42.ffn_down_exps.weight","ffn_moe_swiglu-42"
845,3,MUL_MAT_ID,0,126,94,605,"ffn_moe_down-43","blk.43.ffn_down_exps.weight","ffn_moe_swiglu-43"
846,3,MUL_MAT_ID,0,130,95,637,"ffn_moe_down-44","blk.44.ffn_down_exps.weight","ffn_moe_swiglu-44"
847,3,MUL_MAT_ID,0,139,83,625,"ffn_moe_down-45","blk.45.ffn_down_exps.weight","ffn_moe_swiglu-45"
848,3,MUL_MAT_ID,0,271,86,741,"ffn_moe_down-46","blk.46.ffn_down_exps.weight","ffn_moe_swiglu-46"
849,3,MUL_MAT_ID,0,488,187,1356,"ffn_moe_down-47","blk.47.ffn_down_exps.weight","ffn_moe_swiglu-47"
850,0,GET_ROWS,0,9,0,10,"model.input_embed","token_embd.weight","inp_tokens"
851,3,MUL_MAT_ID,0,183,139,928,"ffn_moe_down-0","blk.0.ffn_down_exps.weight","ffn_moe_swiglu-0"
853,3,MUL_MAT_ID,0,137,93,659,"ffn_moe_down-1","blk.1.ffn_down_exps.weight","ffn_moe_swiglu-1"
854,3,MUL_MAT_ID,0,412,159,1322,"ffn_moe_down-2","blk.2.ffn_down_exps.weight","ffn_moe_swiglu-2"
855,3,MUL_MAT_ID,0,197,15,591,"ffn_moe_down-3","blk.3.ffn_down_exps.weight","ffn_moe_swiglu-3"
856,3,MUL_MAT_ID,0,217,414,1252,"ffn_moe_down-4","blk.4.ffn_down_exps.weight","ffn_moe_swiglu-4"
857,3,MUL_MAT_ID,0,125,101,842,"ffn_moe_down-5","blk.5.ffn_down_exps.weight","ffn_moe_swiglu-5"
858,3,MUL_MAT_ID,0,297,165,1299,"ffn_moe_down-6","blk.6.ffn_down_exps.weight","ffn_moe_swiglu-6"
859,3,MUL_MAT_ID,0,233,119,962,"ffn_moe_down-7","blk.7.ffn_down_exps.weight","ffn_moe_swiglu-7"
860,3,MUL_MAT_ID,0,109,249,1048,"ffn_moe_down-8","blk.8.ffn_down_exps.weight","ffn_moe_swiglu-8"
861,3,MUL_MAT_ID,0,126,101,636,"ffn_moe_down-9","blk.9.ffn_down_exps.weight","ffn_moe_swiglu-9"
862,3,MUL_MAT_ID,0,115,261,1071,"ffn_moe_down-10","blk.10.ffn_down_exps.weight","ffn_moe_swiglu-10"
863,3,MUL_MAT_ID,0,125,86,568,"ffn_moe_down-11","blk.11.ffn_down_exps.weight","ffn_moe_swiglu-11"
864,3,MUL_MAT_ID,0,131,73,567,"ffn_moe_down-12","blk.12.ffn_down_exps.weight","ffn_moe_swiglu-12"
865,3,MUL_MAT_ID,0,137,95,683,"ffn_moe_down-13","blk.13.ffn_down_exps.weight","ffn_moe_swiglu-13"
866,3,MUL_MAT_ID,0,133,94,636,"ffn_moe_down-14","blk.14.ffn_down_exps.weight","ffn_moe_swiglu-14"
867,3,MUL_MAT_ID,0,109,141,682,"ffn_moe_down-15","blk.15.ffn_down_exps.weight","ffn_moe_swiglu-15"
868,3,MUL_MAT_ID,0,132,96,626,"ffn_moe_down-16","blk.16.ffn_down_exps.weight","ffn_moe_swiglu-16"
869,3,MUL_MAT_ID,0,131,94,588,"ffn_moe_down-17","blk.17.ffn_down_exps.weight","ffn_moe_swiglu-17"
870,3,MUL_MAT_ID,0,128,97,612,"ffn_moe_down-18","blk.18.ffn_down_exps.weight","ffn_moe_swiglu-18"
871,3,MUL_MAT_ID,0,142,179,1065,"ffn_moe_down-19","blk.19.ffn_down_exps.weight","ffn_moe_swiglu-19"
872,3,MUL_MAT_ID,0,120,92,596,"ffn_moe_down-20","blk.20.ffn_down_exps.weight","ffn_moe_swiglu-20"
873,3,MUL_MAT_ID,0,125,93,616,"ffn_moe_down-21","blk.21.ffn_down_exps.weight","ffn_moe_swiglu-21"
874,3,MUL_MAT_ID,0,127,85,586,"ffn_moe_down-22","blk.22.ffn_down_exps.weight","ffn_moe_swiglu-22"
875,3,MUL_MAT_ID,0,131,92,592,"ffn_moe_down-23","blk.23.ffn_down_exps.weight","ffn_moe_swiglu-23"
876,3,MUL_MAT_ID,0,158,89,683,"ffn_moe_down-24","blk.24.ffn_down_exps.weight","ffn_moe_swiglu-24"
877,3,MUL_MAT_ID,0,130,101,811,"ffn_moe_down-25","blk.25.ffn_down_exps.weight","ffn_moe_swiglu-25"
878,3,MUL_MAT_ID,0,189,123,1010,"ffn_moe_down-26","blk.26.ffn_down_exps.weight","ffn_moe_swiglu-26"
879,3,MUL_MAT_ID,0,129,90,593,"ffn_moe_down-27","blk.27.ffn_down_exps.weight","ffn_moe_swiglu-27"
880,3,MUL_MAT_ID,0,131,105,655,"ffn_moe_down-28","blk.28.ffn_down_exps.weight","ffn_moe_swiglu-28"
881,3,MUL_MAT_ID,0,237,122,1062,"ffn_moe_down-29","blk.29.ffn_down_exps.weight","ffn_moe_swiglu-29"
882,3,MUL_MAT_ID,0,321,6,722,"ffn_moe_down-30","blk.30.ffn_down_exps.weight","ffn_moe_swiglu-30"
883,3,MUL_MAT_ID,0,222,1,758,"ffn_moe_down-31","blk.31.ffn_down_exps.weight","ffn_moe_swiglu-31"
884,3,MUL_MAT_ID,0,204,17,616,"ffn_moe_down-32","blk.32.ffn_down_exps.weight","ffn_moe_swiglu-32"
885,3,MUL_MAT_ID,0,230,0,624,"ffn_moe_down-33","blk.33.ffn_down_exps.weight","ffn_moe_swiglu-33"
886,3,MUL_MAT_ID,0,214,14,632,"ffn_moe_down-34","blk.34.ffn_down_exps.weight","ffn_moe_swiglu-34"
887,3,MUL_MAT_ID,0,194,24,689,"ffn_moe_down-35","blk.35.ffn_down_exps.weight","ffn_moe_swiglu-35"
888,3,MUL_MAT_ID,0,193,25,594,"ffn_moe_down-36","blk.36.ffn_down_exps.weight","ffn_moe_swiglu-36"
889,3,MUL_MAT_ID,0,201,22,607,"ffn_moe_down-37","blk.37.ffn_down_exps.weight","ffn_moe_swiglu-37"
890,3,MUL_MAT_ID,0,222,4,674,"ffn_moe_down-38","blk.38.ffn_down_exps.weight","ffn_moe_swiglu-38"
891,3,MUL_MAT_ID,0,232,11,692,"ffn_moe_down-39","blk.39.ffn_down_exps.weight","ffn_moe_swiglu-39"
892,3,MUL_MAT_ID,0,134,126,764,"ffn_moe_down-40","blk.40.ffn_down_exps.weight","ffn_moe_swiglu-40"
893,3,MUL_MAT_ID,0,97,129,630,"ffn_moe_down-41","blk.41.ffn_down_exps.weight","ffn_moe_swiglu-41"
894,3,MUL_MAT_ID,0,184,234,1170,"ffn_moe_down-42","blk.42.ffn_down_exps.weight","ffn_moe_swiglu-42"
895,3,MUL_MAT_ID,0,117,126,666,"ffn_moe_down-43","blk.43.ffn_down_exps.weight","ffn_moe_swiglu-43"
896,3,MUL_MAT_ID,0,210,15,612,"ffn_moe_down-44","blk.44.ffn_down_exps.weight","ffn_moe_swiglu-44"
897,3,MUL_MAT_ID,0,205,12,597,"ffn_moe_down-45","blk.45.ffn_down_exps.weight","ffn_moe_swiglu-45"
898,3,MUL_MAT_ID,0,320,1,702,"ffn_moe_down-46","blk.46.ffn_down_exps.weight","ffn_moe_swiglu-46"
899,3,MUL_MAT_ID,0,316,3,692,"ffn_moe_down-47","blk.47.ffn_down_exps.weight","ffn_moe_swiglu-47"
900,0,GET_ROWS,0,15,0,15,"model.input_embed","token_embd.weight","inp_tokens"
901,3,MUL_MAT_ID,0,222,22,639,"ffn_moe_down-0","blk.0.ffn_down_exps.weight","ffn_moe_swiglu-0"
903,3,MUL_MAT_ID,0,180,241,1175,"ffn_moe_down-1","blk.1.ffn_down_exps.weight","ffn_moe_swiglu-1"
904,3,MUL_MAT_ID,0,659,121,1712,"ffn_moe_down-2","blk.2.ffn_down_exps.weight","ffn_moe_swiglu-2"
905,3,MUL_MAT_ID,0,192,26,593,"ffn_moe_down-3","blk.3.ffn_down_exps.weight","ffn_moe_swiglu-3"
906,3,MUL_MAT_ID,0,333,0,702,"ffn_moe_down-4","blk.4.ffn_down_exps.weight","ffn_moe_swiglu-4"
907,3,MUL_MAT_ID,0,222,4,641,"ffn_moe_down-5","blk.5.ffn_down_exps.weight","ffn_moe_swiglu-5"
908,3,MUL_MAT_ID,0,221,0,615,"ffn_moe_down-6","blk.6.ffn_down_exps.weight","ffn_moe_swiglu-6"
909,3,MUL_MAT_ID,0,215,0,587,"ffn_moe_down-7","blk.7.ffn_down_exps.weight","ffn_moe_swiglu-7"
910,3,MUL_MAT_ID,0,339,6,1150,"ffn_moe_down-8","blk.8.ffn_down_exps.weight","ffn_moe_swiglu-8"
911,3,MUL_MAT_ID,0,169,44,585,"ffn_moe_down-9","blk.9.ffn_down_exps.weight","ffn_moe_swiglu-9"
912,3,MUL_MAT_ID,0,415,47,1281,"ffn_moe_down-10","blk.10.ffn_down_exps.weight","ffn_moe_swiglu-10"
913,3,MUL_MAT_ID,0,197,29,604,"ffn_moe_down-11","blk.11.ffn_down_exps.weight","ffn_moe_swiglu-11"
914,3,MUL_MAT_ID,0,170,60,612,"ffn_moe_down-12","blk.12.ffn_down_exps.weight","ffn_moe_swiglu-12"
915,3,MUL_MAT_ID,0,275,92,1015,"ffn_moe_down-13","blk.13.ffn_down_exps.weight","ffn_moe_swiglu-13"
916,3,MUL_MAT_ID,0,106,104,722,"ffn_moe_down-14","blk.14.ffn_down_exps.weight","ffn_moe_swiglu-14"
917,3,MUL_MAT_ID,0,103,105,568,"ffn_moe_down-15","blk.15.ffn_down_exps.weight","ffn_moe_swiglu-15"
918,3,MUL_MAT_ID,0,169,60,638,"ffn_moe_down-16","blk.16.ffn_down_exps.weight","ffn_moe_swiglu-16"
919,3,MUL_MAT_ID,0,196,4,572,"ffn_moe_down-17","blk.17.ffn_down_exps.weight","ffn_moe_swiglu-17"
920,3,MUL_MAT_ID,0,295,72,1005,"ffn_moe_down-18","blk.18.ffn_down_exps.weight","ffn_moe_swiglu-18"
921,3,MUL_MAT_ID,0,304,44,1098,"ffn_moe_down-19","blk.19.ffn_down_exps.weight","ffn_moe_swiglu-19"
922,3,MUL_MAT_ID,0,197,19,596,"ffn_moe_down-20","blk.20.ffn_down_exps.weight","ffn_moe_swiglu-20"
923,3,MUL_MAT_ID,0,337,52,1058,"ffn_moe_down-21","blk.21.ffn_down_exps.weight","ffn_moe_swiglu-21"
924,3,MUL_MAT_ID,0,213,14,646,"ffn_moe_down-22","blk.22.ffn_down_exps.weight","ffn_moe_swiglu-22"
925,3,MUL_MAT_ID,0,211,0,591,"ffn_moe_down-23","blk.23.ffn_down_exps.weight","ffn_moe_swiglu-23"
926,3,MUL_MAT_ID,0,218,8,617,"ffn_moe_down-24","blk.24.ffn_down_exps.weight","ffn_moe_swiglu-24"
927,3,MUL_MAT_ID,0,229,27,693,"ffn_moe_down-25","blk.25.ffn_down_exps.weight","ffn_moe_swiglu-25"
928,3,MUL_MAT_ID,0,207,11,598,"ffn_moe_down-26","blk.26.ffn_down_exps.weight","ffn_moe_swiglu-26"
929,3,MUL_MAT_ID,0,164,54,604,"ffn_moe_down-27","blk.27.ffn_down_exps.weight","ffn_moe_swiglu-27"
930,3,MUL_MAT_ID,0,210,15,621,"ffn_moe_down-28","blk.28.ffn_down_exps.weight","ffn_moe_swiglu-28"
931,3,MUL_MAT_ID,0,217,2,609,"ffn_moe_down-29","blk.29.ffn_down_exps.weight","ffn_moe_swiglu-29"
932,3,MUL_MAT_ID,0,368,8,759,"ffn_moe_down-30","blk.30.ffn_down_exps.weight","ffn_moe_swiglu-30"
933,3,MUL_MAT_ID,0,182,42,631,"ffn_moe_down-31","blk.31.ffn_down_exps.weight","ffn_moe_swiglu-31"
934,3,MUL_MAT_ID,0,123,89,594,"ffn_moe_down-32","blk.32.ffn_down_exps.weight","ffn_moe_swiglu-32"
935,3,MUL_MAT_ID,0,132,86,579,"ffn_moe_down-33","blk.33.ffn_down_exps.weight","ffn_moe_swiglu-33"
936,3,MUL_MAT_ID,0,388,11,1261,"ffn_moe_down-34","blk.34.ffn_down_exps.weight","ffn_moe_swiglu-34"
937,3,MUL_MAT_ID,0,121,100,593,"ffn_moe_down-35","blk.35.ffn_down_exps.weight","ffn_moe_swiglu-35"
938,3,MUL_MAT_ID,0,134,69,563,"ffn_moe_down-36","blk.36.ffn_down_exps.weight","ffn_moe_swiglu-36"
939,3,MUL_MAT_ID,0,132,63,556,"ffn_moe_down-37","blk.37.ffn_down_exps.weight","ffn_moe_swiglu-37"
940,3,MUL_MAT_ID,0,125,95,613,"ffn_moe_down-38","blk.38.ffn_down_exps.weight","ffn_moe_swiglu-38"
941,3,MUL_MAT_ID,0,133,94,753,"ffn_moe_down-39","blk.39.ffn_down_exps.weight","ffn_moe_swiglu-39"
942,3,MUL_MAT_ID,0,95,125,612,"ffn_moe_down-40","blk.40.ffn_down_exps.weight","ffn_moe_swiglu-40"
943,3,MUL_MAT_ID,0,96,116,585,"ffn_moe_down-41","blk.41.ffn_down_exps.weight","ffn_moe_swiglu-41"
944,3,MUL_MAT_ID,0,109,120,639,"ffn_moe_down-42","blk.42.ffn_down_exps.weight","ffn_moe_swiglu-42"
945,3,MUL_MAT_ID,0,214,3,601,"ffn_moe_down-43","blk.43.ffn_down_exps.weight","ffn_moe_swiglu-43"
946,3,MUL_MAT_ID,0,191,20,599,"ffn_moe_down-44","blk.44.ffn_down_exps.weight","ffn_moe_swiglu-44"
947,3,MUL_MAT_ID,0,219,0,614,"ffn_moe_down-45","blk.45.ffn_down_exps.weight","ffn_moe_swiglu-45"
948,3,MUL_MAT_ID,0,321,1,713,"ffn_moe_down-46","blk.46.ffn_down_exps.weight","ffn_moe_swiglu-46"
949,3,MUL_MAT_ID,0,461,109,1363,"ffn_moe_down-47","blk.47.ffn_down_exps.weight","ffn_moe_swiglu-47"
950,0,GET_ROWS,0,3,0,4,"model.input_embed","token_embd.weight","inp_tokens"
951,3,MUL_MAT_ID,0,157,60,594,"ffn_moe_down-0","blk.0.ffn_down_exps.weight","ffn_moe_swiglu-0"
953,3,MUL_MAT_ID,0,209,133,1037,"ffn_moe_down-1","blk.1.ffn_down_exps.weight","ffn_moe_swiglu-1"
954,3,MUL_MAT_ID,0,270,299,1288,"ffn_moe_down-2","blk.2.ffn_down_exps.weight","ffn_moe_swiglu-2"
955,3,MUL_MAT_ID,0,101,112,580,"ffn_moe_down-3","blk.3.ffn_down_exps.weight","ffn_moe_swiglu-3"
956,3,MUL_MAT_ID,0,221,217,813,"ffn_moe_down-4","blk.4.ffn_down_exps.weight","ffn_moe_swiglu-4"
957,3,MUL_MAT_ID,0,133,117,773,"ffn_moe_down-5","blk.5.ffn_down_exps.weight","ffn_moe_swiglu-5"
958,3,MUL_MAT_ID,0,115,108,630,"ffn_moe_down-6","blk.6.ffn_down_exps.weight","ffn_moe_swiglu-6"
959,3,MUL_MAT_ID,0,133,188,1034,"ffn_moe_down-7","blk.7.ffn_down_exps.weight","ffn_moe_swiglu-7"
960,3,MUL_MAT_ID,0,104,125,596,"ffn_moe_down-8","blk.8.ffn_down_exps.weight","ffn_moe_swiglu-8"
961,3,MUL_MAT_ID,0,145,92,721,"ffn_moe_down-9","blk.9.ffn_down_exps.weight","ffn_moe_swiglu-9"
962,3,MUL_MAT_ID,0,138,81,586,"ffn_moe_down-10","blk.10.ffn_down_exps.weight","ffn_moe_swiglu-10"
963,3,MUL_MAT_ID,0,180,233,1197,"ffn_moe_down-11","blk.11.ffn_down_exps.weight","ffn_moe_swiglu-11"
964,3,MUL_MAT_ID,0,135,96,634,"ffn_moe_down-12","blk.12.ffn_down_exps.weight","ffn_moe_swiglu-12"
965,3,MUL_MAT_ID,0,492,117,1433,"ffn_moe_down-13","blk.13.ffn_down_exps.weight","ffn_moe_swiglu-13"
966,3,MUL_MAT_ID,0,303,62,990,"ffn_moe_down-14","blk.14.ffn_down_exps.weight","ffn_moe_swiglu-14"
967,3,MUL_MAT_ID,0,133,91,666,"ffn_moe_down-15","blk.15.ffn_down_exps.weight","ffn_moe_swiglu-15"
968,3,MUL_MAT_ID,0,297,87,1048,"ffn_moe_down-16","blk.16.ffn_down_exps.weight","ffn_moe_swiglu-16"
969,3,MUL_MAT_ID,0,135,80,581,"ffn_moe_down-17","blk.17.ffn_down_exps.weight","ffn_moe_swiglu-17"
970,3,MUL_MAT_ID,0,132,94,589,"ffn_moe_down-18","blk.18.ffn_down_exps.weight","ffn_moe_swiglu-18"
971,3,MUL_MAT_ID,0,140,81,608,"ffn_moe_down-19","blk.19.ffn_down_exps.weight","ffn_moe_swiglu-19"
972,3,MUL_MAT_ID,0,134,94,607,"ffn_moe_down-20","blk.20.ffn_down_exps.weight","ffn_moe_swiglu-20"
973,3,MUL_MAT_ID,0,226,82,952,"ffn_moe_down-21","blk.21.ffn_down_exps.weight","ffn_moe_swiglu-21"
974,3,MUL_MAT_ID,0,135,96,678,"ffn_moe_down-22","blk.22.ffn_down_exps.weight","ffn_moe_swiglu-22"
975,3,MUL_MAT_ID,0,131,98,652,"ffn_moe_down-23","blk.23.ffn_down_exps.weight","ffn_moe_swiglu-23"
976,3,MUL_MAT_ID,0,267,101,1130,"ffn_moe_down-24","blk.24.ffn_down_exps.weight","ffn_moe_swiglu-24"
977,3,MUL_MAT_ID,0,133,90,599,"ffn_moe_down-25","blk.25.ffn_down_exps.weight","ffn_moe_swiglu-25"
978,3,MUL_MAT_ID,0,216,6,617,"ffn_moe_down-26","blk.26.ffn_down_exps.weight","ffn_moe_swiglu-26"
979,3,MUL_MAT_ID,0,99,120,592,"ffn_moe_down-27","blk.27.ffn_down_exps.weight","ffn_moe_swiglu-27"
980,3,MUL_MAT_ID,0,98,121,572,"ffn_moe_down-28","blk.28.ffn_down_exps.weight","ffn_moe_swiglu-28"
981,3,MUL_MAT_ID,0,142,112,633,"ffn_moe_down-29","blk.29.ffn_down_exps.weight","ffn_moe_swiglu-29"
982,3,MUL_MAT_ID,0,299,45,764,"ffn_moe_down-30","blk.30.ffn_down_exps.weight","ffn_moe_swiglu-30"
983,3,MUL_MAT_ID,0,103,115,593,"ffn_moe_down-31","blk.31.ffn_down_exps.weight","ffn_moe_swiglu-31"
984,3,MUL_MAT_ID,0,158,206,1008,"ffn_moe_down-32","blk.32.ffn_down_exps.weight","ffn_moe_swiglu-32"
985,3,MUL_MAT_ID,0,119,114,637,"ffn_moe_down-33","blk.33.ffn_down_exps.weight","ffn_moe_swiglu-33"
986,3,MUL_MAT_ID,0,138,96,613,"ffn_moe_down-34","blk.34.ffn_down_exps.weight","ffn_moe_swiglu-34"
987,3,MUL_MAT_ID,0,129,80,579,"ffn_moe_down-35","blk.35.ffn_down_exps.weight","ffn_moe_swiglu-35"
988,3,MUL_MAT_ID,0,129,70,555,"ffn_moe_down-36","blk.36.ffn_down_exps.weight","ffn_moe_swiglu-36"
989,3,MUL_MAT_ID,0,146,83,630,"ffn_moe_down-37","blk.37.ffn_down_exps.weight","ffn_moe_swiglu-37"
990,3,MUL_MAT_ID,0,142,89,618,"ffn_moe_down-38","blk.38.ffn_down_exps.weight","ffn_moe_swiglu-38"
991,3,MUL_MAT_ID,0,141,91,610,"ffn_moe_down-39","blk.39.ffn_down_exps.weight","ffn_moe_swiglu-39"
992,3,MUL_MAT_ID,0,131,93,590,"ffn_moe_down-40","blk.40.ffn_down_exps.weight","ffn_moe_swiglu-40"
993,3,MUL_MAT_ID,0,140,94,649,"ffn_moe_down-41","blk.41.ffn_down_exps.weight","ffn_moe_swiglu-41"
994,3,MUL_MAT_ID,0,139,73,622,"ffn_moe_down-42","blk.42.ffn_down_exps.weight","ffn_moe_swiglu-42"
995,3,MUL_MAT_ID,0,248,89,757,"ffn_moe_down-43","blk.43.ffn_down_exps.weight","ffn_moe_swiglu-43"
996,3,MUL_MAT_ID,0,137,66,571,"ffn_moe_down-44","blk.44.ffn_down_exps.weight","ffn_moe_swiglu-44"
997,3,MUL_MAT_ID,0,121,123,717,"ffn_moe_down-45","blk.45.ffn_down_exps.weight","ffn_moe_swiglu-45"
998,3,MUL_MAT_ID,0,198,133,758,"ffn_moe_down-46","blk.46.ffn_down_exps.weight","ffn_moe_swiglu-46"
999,3,MUL_MAT_ID,0,186,144,712,"ffn_moe_down-47","blk.47.ffn_down_exps.weight","ffn_moe_swiglu-47"
