Time (%),Total Time (ns),Instances,Avg (ns),Med (ns),Min (ns),Max (ns),StdDev (ns),Name
27.2,289383683,368,786368.7,791581.0,439414,1642874,198569.6,"void mul_mat_q<(ggml_type)21, (int)128, (bool)0>(const char *, const int *, const int *, const int *, float *, float *, const float *, uint3, int, int, int, int, int, uint3, uint3, int, int, int, uint3, uint3, int, int, int, uint3)"
19.5,207848589,172,1208422.0,1207188.0,805837,2331625,216312.6,"void mul_mat_q<(ggml_type)20, (int)128, (bool)0>(const char *, const int *, const int *, const int *, float *, float *, const float *, uint3, int, int, int, int, int, uint3, uint3, int, int, int, uint3, uint3, int, int, int, uint3)"
11.5,122479364,1592,76934.3,45966.5,12448,1459806,125813.2,"void mul_mat_q<(ggml_type)8, (int)128, (bool)0>(const char *, const int *, const int *, const int *, float *, float *, const float *, uint3, int, int, int, int, int, uint3, uint3, int, int, int, uint3, uint3, int, int, int, uint3)"
10.6,113243467,144,786413.0,723551.0,688272,1250883,128414.2,"void gated_delta_net_cuda<(int)128, (bool)0, (bool)0>(const float *, const float *, const float *, const float *, const float *, const float *, float *, float *, long long, long long, long long, long long, long long, long long, long long, long long, long long, long long, long long, long long, uint3, uint3, float, long long, int)"
7.4,78595252,564,139353.3,145468.0,90654,152956,15562.6,"void mm_ids_helper<(int)0>(const int *, int *, int *, int *, int, int, int, int, int, bool)"
3.3,34883896,1322,26387.2,18527.0,1151,378487,31631.2,"void k_bin_bcast<&op_mul, float, float, float, const float *>(const T2 *, const T3 *, T4 *, unsigned int, unsigned int, unsigned int, uint3, uint3, uint3, uint3, uint3, unsigned int, unsigned int, unsigned int, unsigned int, unsigned int, unsigned int, unsigned int, unsigned int, unsigned int, unsigned int, unsigned int, T5...)"
2.6,28148516,2306,12206.6,5504.0,1120,311225,18275.6,"void k_bin_bcast<&op_add, float, float, float, const float *>(const T2 *, const T3 *, T4 *, unsigned int, unsigned int, unsigned int, uint3, uint3, uint3, uint3, uint3, unsigned int, unsigned int, unsigned int, unsigned int, unsigned int, unsigned int, unsigned int, unsigned int, unsigned int, unsigned int, unsigned int, T5...)"
2.0,20789082,668,31121.4,40463.5,6047,679888,37202.4,void cutlass::Kernel2<cutlass_80_tensorop_s1688gemm_64x64_16x6_tn_align4>(T1::Params)
1.5,15827534,380,41651.4,41023.0,34751,262330,11385.3,"void mul_mat_q<(ggml_type)8, (int)128, (bool)1>(const char *, const int *, const int *, const int *, float *, float *, const float *, uint3, int, int, int, int, int, uint3, uint3, int, int, int, uint3, uint3, int, int, int, uint3)"
1.3,13579072,394,34464.6,33023.0,1920,278170,18788.1,"void rms_norm_f32<(int)1024, (bool)0, (bool)0>(const float *, float *, int, long long, long long, long long, float, const float *, long long, long long, long long, uint3, uint3, uint3, uint3, const float *, long long, long long, long long, uint3, uint3, uint3, uint3)"
1.2,13230785,2144,6171.1,3488.0,1439,293753,7392.4,"void quantize_mmq_q8_1<(mmq_q8_1_ds_layout)0, (bool)0>(const float *, const int *, void *, long long, long long, long long, long long, long long, int, int, int)"
1.2,12382786,574,21572.8,22463.0,1056,297849,19074.0,"void unary_gated_op_kernel<&op_sigmoid, float>(const T2 *, const T2 *, T2 *, long long, long long, long long, long long)"
1.1,11235153,148,75913.2,75934.5,70558,79934,2243.9,"void concat_non_cont<unsigned int, (int)0>(const char *, const char *, char *, long long, long long, long long, long long, unsigned long long, unsigned long long, unsigned long long, unsigned long long, long long, long long, long long, long long, unsigned long long, unsigned long long, unsigned long long, unsigned long long, long long, long long, long long, long long, unsigned long long, unsigned long long, unsigned long long, unsigned long long)"
0.9,10021556,48,208782.4,226378.5,94333,715503,107590.8,"void flash_attn_ext_f16<(int)256, (int)256, (int)8, (int)8, (bool)0, (bool)0>(const char *, const char *, const char *, const char *, const char *, const int *, float *, float2 *, float, float, float, float, unsigned int, float, int, uint3, int, int, int, int, int, int, int, int, int, int, int, long long, int, int, long long, int, int, int, int, int, long long)"
0.8,8282396,204,40600.0,36031.0,32031,314329,23220.1,"void k_argsort_f32_i32<(ggml_sort_order)1>(const float *, int *, int, int)"
0.8,8119774,376,21595.1,19055.5,2367,57599,19264.5,"void unary_gated_op_kernel<&op_silu, float>(const T2 *, const T2 *, T2 *, long long, long long, long long, long long)"
0.7,7952421,336,23667.9,28943.0,1536,333240,24213.8,"void rms_norm_f32<(int)256, (bool)1, (bool)0>(const float *, float *, int, long long, long long, long long, float, const float *, long long, long long, long long, uint3, uint3, uint3, uint3, const float *, long long, long long, long long, uint3, uint3, uint3, uint3)"
0.7,7056412,200,35282.1,34976.0,4224,232922,20504.7,void cutlass::Kernel2<cutlass_80_tensorop_s1688gemm_64x64_32x6_tn_align4>(T1::Params)
0.6,5996829,386,15535.8,15615.0,1183,30271,1524.8,"void k_bin_bcast<&op_repeat, float, float, float, >(const T2 *, const T3 *, T4 *, unsigned int, unsigned int, unsigned int, uint3, uint3, uint3, uint3, uint3, unsigned int, unsigned int, unsigned int, unsigned int, unsigned int, unsigned int, unsigned int, unsigned int, unsigned int, unsigned int, unsigned int, T5...)"
0.4,4583924,376,12191.3,11728.0,10431,16800,1505.0,"void quantize_mmq_q8_1<(mmq_q8_1_ds_layout)0, (bool)1>(const float *, const int *, void *, long long, long long, long long, long long, long long, int, int, int)"
0.4,4387751,1645,2667.3,1312.0,959,7680,2426.8,"scale_f32(const float *, float *, float, float, long long)"
0.4,4095679,616,6648.8,6559.0,6272,11232,392.2,"void mul_mat_q_stream_k_fixup<(ggml_type)8, (int)128, (bool)0>(const int *, const int *, float *, float *, uint3, int, int, int, uint3, int, uint3, int, uint3)"
0.4,3996324,144,27752.3,27360.0,26655,33568,952.2,"void ssm_conv_long_token_f32<(bool)1, (unsigned long long)128, (unsigned long long)4, (long long)32>(const float *, const float *, const float *, int, int, int, int, float *, int, int, int, long long)"
0.4,3930700,232,16942.7,1279.5,1215,118333,33842.9,"void reduce_rows_f32<(bool)0>(const float *, float *, int)"
0.4,3869061,64,60454.1,42463.0,40479,372888,55351.3,"void cpy_scalar<&cpy_1_scalar<float, float>>(const char *, char *, long long, long long, long long, long long, long long, long long, long long, long long, long long, long long, long long, long long, long long, long long, long long)"
0.4,3822569,380,10059.4,10016.0,9408,10912,244.3,"void mul_mat_q_stream_k_fixup<(ggml_type)8, (int)128, (bool)1>(const int *, const int *, float *, float *, uint3, int, int, int, uint3, int, uint3, int, uint3)"
0.3,3624428,8,453053.5,419575.0,404598,569330,71753.3,"void mul_mat_q<(ggml_type)23, (int)128, (bool)0>(const char *, const int *, const int *, const int *, float *, float *, const float *, uint3, int, int, int, int, int, uint3, uint3, int, int, int, uint3, uint3, int, int, int, uint3)"
0.3,2762654,343,8054.4,12864.0,1312,13824,5755.5,"void k_get_rows_float<float, float>(const T1 *, const int *, T2 *, long long, long long, uint3, unsigned long long, unsigned long long, unsigned long long, unsigned long long, unsigned long long, unsigned long long, unsigned long long, unsigned long long, unsigned long long)"
0.3,2715041,189,14365.3,14240.0,1376,25727,1693.3,"void k_bin_bcast<&op_add, float, float, float, const float *, const float *, const float *, const float *, const float *, const float *, const float *, const float *>(const T2 *, const T3 *, T4 *, unsigned int, unsigned int, unsigned int, uint3, uint3, uint3, uint3, uint3, unsigned int, unsigned int, unsigned int, unsigned int, unsigned int, unsigned int, unsigned int, unsigned int, unsigned int, unsigned int, unsigned int, T5...)"
0.1,1557858,288,5409.2,5408.0,5120,5984,163.9,"void l2_norm_f32<(int)32>(const float *, float *, int, long long, long long, long long, float)"
0.1,1187204,12,98933.7,99261.5,94781,99709,1339.0,"void cub::CUB_200200_890_NS::DeviceSegmentedSortFallbackKernel<(bool)1, cub::CUB_200200_890_NS::DeviceSegmentedSortPolicy<float, int>::Policy860, float, int, int *, int *, int>(const T3 *, T3 *, cub::CUB_200200_890_NS::detail::device_double_buffer<T3>, const T4 *, T4 *, cub::CUB_200200_890_NS::detail::device_double_buffer<T4>, T5, T6)"
0.1,1182274,12,98522.8,98861.5,95229,99165,1064.7,"void cub::CUB_200200_890_NS::DeviceSegmentedSortKernelLarge<(bool)1, cub::CUB_200200_890_NS::DeviceSegmentedSortPolicy<float, int>::Policy860, float, int, int *, int *, int>(const unsigned int *, const T3 *, T3 *, cub::CUB_200200_890_NS::detail::device_double_buffer<T3>, const T4 *, T4 *, cub::CUB_200200_890_NS::detail::device_double_buffer<T4>, T5, T6)"
0.1,1041154,716,1454.1,1440.0,1311,2848,95.0,"void cublasLt::splitKreduce_kernel<(int)32, (int)16, int, float, float, float, float, (bool)1, (bool)0, (bool)0>(cublasLt::cublasSplitKParams<T6>, const T4 *, const T5 *, T5 *, const T6 *, const T6 *, const T7 *, const T4 *, T7 *, void *, long long, T6 *, int *)"
0.1,1028195,192,5355.2,2864.0,1343,15231,5118.2,"void rope_multi<(bool)1, (bool)0, float>(const T3 *, T3 *, int, int, int, int, int, int, int, int, int, int, int, const int *, float, float, float, rope_corr_dims, float, const float *, mrope_sections, bool, bool)"
0.1,1019334,180,5663.0,6944.0,2304,7936,1957.4,"void k_get_rows_float_vec<float>(const T1 *, const int *, T1 *, long long, long long, uint3, unsigned long long, unsigned long long, unsigned long long, unsigned long long, unsigned long long, unsigned long long, unsigned long long, unsigned long long, unsigned long long)"
0.1,989865,48,20622.2,20575.0,19967,21727,664.3,"void flash_attn_stream_k_fixup_general<(int)256, (int)8, (int)8>(float *, const float2 *, int, int, int, int, uint3, uint3, uint3, uint3)"
0.1,983016,48,20479.5,20351.0,20223,20992,265.7,ampere_s16816gemm_bf16_128x64_ldg8_stages_64x4_tn
0.1,879661,191,4605.6,4608.0,1824,12416,679.1,"void mul_mat_vec_f<float, float, (int)1, (int)256, (bool)0, (bool)0>(const T1 *, const float *, const int *, ggml_cuda_mm_fusion_args_device, float *, int, uint3, int, int, int, uint3, int, int, int, uint3, int, int, int, int)"
0.1,774957,1,774957.0,774957.0,774957,774957,0.0,"void mul_mat_vec_q<(ggml_type)14, (int)1, (bool)0, (bool)0, (bool)0>(const void *, const void *, const int *, ggml_cuda_mm_fusion_args_device, float *, unsigned int, uint3, unsigned int, unsigned int, unsigned int, uint3, unsigned int, unsigned int, unsigned int, uint3, unsigned int, unsigned int, unsigned int, unsigned int)"
0.1,771405,180,4285.6,4256.0,4191,4448,71.4,"void soft_max_f32<(bool)1, (int)512, (int)512, float>(const float *, const T4 *, const float *, float *, soft_max_params)"
0.1,685913,715,959.3,960.0,895,1824,45.1,"void unary_op_kernel<&op_sigmoid, float>(const T2 *, T2 *, int)"
0.1,643697,144,4470.1,2767.5,1280,13184,3766.1,"void cpy_scalar_transpose<float>(const char *, char *, long long, long long, long long, long long, long long, long long, long long, long long, long long, long long, long long, long long, long long, long long, long long)"
0.1,629561,386,1631.0,1472.0,960,17216,1572.5,"void unary_op_kernel<&op_silu, float>(const T2 *, T2 *, int)"
0.1,590070,96,6146.6,6159.5,5887,6368,147.3,"void convert_unary<float, __nv_bfloat16>(const void *, T2 *, long long, long long, long long, uint3, long long, long long, long long)"
0.0,336505,144,2336.8,2496.0,1377,3296,514.5,"void k_set_rows<float, long long, __half>(const T1 *, const T2 *, T3 *, long long, long long, long long, long long, long long, long long, long long, long long, long long, long long, long long, long long, long long, long long, uint3, uint3, uint3, uint3, uint3)"
0.0,283766,48,5911.8,5856.0,5632,6431,238.1,void cutlass::Kernel2<cutlass_80_tensorop_s16816gemm_bf16_64x64_32x6_tn_align8>(T1::Params)
0.0,280216,48,5837.8,5951.5,3103,8448,1975.8,"void cpy_scalar_contiguous<__half, float>(const char *, char *, long long)"
0.0,242588,48,5053.9,4976.0,2368,7936,2066.7,"void k_set_rows<float, int, __half>(const T1 *, const T2 *, T3 *, long long, long long, long long, long long, long long, long long, long long, long long, long long, long long, long long, long long, long long, long long, uint3, uint3, uint3, uint3, uint3)"
0.0,240507,24,10021.1,10032.0,9696,10335,211.1,void cutlass::Kernel2<cutlass_80_tensorop_s1688gemm_128x128_16x5_tn_align4>(T1::Params)
0.0,210491,180,1169.4,1152.0,1120,1217,25.9,"void k_bin_bcast<&op_div, float, float, float, const float *>(const T2 *, const T3 *, T4 *, unsigned int, unsigned int, unsigned int, uint3, uint3, uint3, uint3, uint3, unsigned int, unsigned int, unsigned int, unsigned int, unsigned int, unsigned int, unsigned int, unsigned int, unsigned int, unsigned int, unsigned int, T5...)"
0.0,176793,48,3683.2,3632.0,2239,5312,1038.6,"void k_get_rows_float<__half, float>(const T1 *, const int *, T2 *, long long, long long, uint3, unsigned long long, unsigned long long, unsigned long long, unsigned long long, unsigned long long, unsigned long long, unsigned long long, unsigned long long, unsigned long long)"
0.0,175094,184,951.6,959.0,895,1057,32.4,"void op_clamp_kernel<float>(const T1 *, T1 *, T1, T1, int)"
0.0,156510,48,3260.6,3296.0,1984,4512,934.5,"void k_bin_bcast<&op_add, __half, __half, __half, const __half *>(const T2 *, const T3 *, T4 *, unsigned int, unsigned int, unsigned int, uint3, uint3, uint3, uint3, uint3, unsigned int, unsigned int, unsigned int, unsigned int, unsigned int, unsigned int, unsigned int, unsigned int, unsigned int, unsigned int, unsigned int, T5...)"
0.0,143389,144,995.8,992.0,959,1056,22.6,"void unary_op_kernel<&op_softplus, float>(const T2 *, T2 *, int)"
0.0,136738,48,2848.7,2912.0,1759,3904,800.4,"void unary_op_kernel<&op_relu, float>(const T2 *, T2 *, int)"
0.0,111262,48,2318.0,2336.0,1503,3136,599.3,"void fill_kernel<__half>(T1 *, long long, T1)"
0.0,108763,48,2265.9,2303.0,1471,3072,572.3,"void fill_kernel<float>(T1 *, long long, T1)"
0.0,74591,12,6215.9,6208.0,6176,6272,24.0,void cutlass::Kernel2<cutlass_80_tensorop_s1688gemm_128x64_16x6_tn_align4>(T1::Params)
0.0,66496,24,2770.7,2768.0,2528,3008,229.4,"init_indices(int *, int, int)"
0.0,44606,9,4956.2,5152.0,3360,5344,606.4,"void topk_moe_cuda<(int)512, (bool)0>(const float *, float *, int *, float *, int, int, float, float, topk_moe_config)"
0.0,34720,12,2893.3,2912.0,2592,2976,97.9,"void cub::CUB_200200_890_NS::DeviceThreeWayPartitionKernel<cub::CUB_200200_890_NS::detail::device_three_way_partition_policy_hub<int, int>::Policy900, thrust::counting_iterator<int, thrust::use_default, thrust::use_default, thrust::use_default>, unsigned int *, unsigned int *, thrust::reverse_iterator<unsigned int *>, unsigned int *, cub::CUB_200200_890_NS::ScanTileState<unsigned long long, (bool)1>, cub::CUB_200200_890_NS::DispatchSegmentedSort<(bool)1, float, int, int, int *, int *, cub::CUB_200200_890_NS::DeviceSegmentedSortPolicy<float, int>>::LargeSegmentsSelectorT, cub::CUB_200200_890_NS::DispatchSegmentedSort<(bool)1, float, int, int, int *, int *, cub::CUB_200200_890_NS::DeviceSegmentedSortPolicy<float, int>>::SmallSegmentsSelectorT, int>(T2, T3, T4, T5, T6, T7, T8, T9, T10, int)"
0.0,23968,3,7989.3,8704.0,5504,9760,2216.2,"void mul_mat_vec_q<(ggml_type)8, (int)1, (bool)0, (bool)1, (bool)0>(const void *, const void *, const int *, ggml_cuda_mm_fusion_args_device, float *, unsigned int, uint3, unsigned int, unsigned int, unsigned int, uint3, unsigned int, unsigned int, unsigned int, uint3, unsigned int, unsigned int, unsigned int, unsigned int)"
0.0,19487,24,812.0,800.0,799,832,15.8,"init_offsets(int *, int, int)"
0.0,16960,2,8480.0,8480.0,8128,8832,497.8,"void mul_mat_vec_q<(ggml_type)8, (int)1, (bool)0, (bool)0, (bool)0>(const void *, const void *, const int *, ggml_cuda_mm_fusion_args_device, float *, unsigned int, uint3, unsigned int, unsigned int, unsigned int, uint3, unsigned int, unsigned int, unsigned int, uint3, unsigned int, unsigned int, unsigned int, unsigned int)"
0.0,9890,12,824.2,832.0,800,833,14.4,"void cub::CUB_200200_890_NS::DeviceThreeWayPartitionInitKernel<cub::CUB_200200_890_NS::ScanTileState<unsigned long long, (bool)1>, unsigned int *>(T1, int, T2)"
0.0,8320,1,8320.0,8320.0,8320,8320,0.0,"void mul_mat_vec_q<(ggml_type)8, (int)1, (bool)1, (bool)0, (bool)0>(const void *, const void *, const int *, ggml_cuda_mm_fusion_args_device, float *, unsigned int, uint3, unsigned int, unsigned int, unsigned int, uint3, unsigned int, unsigned int, unsigned int, uint3, unsigned int, unsigned int, unsigned int, unsigned int)"
0.0,7680,7,1097.1,1088.0,1088,1120,15.6,"quantize_q8_1(const float *, void *, long long, long long, long long, long long, long long, unsigned int, uint3)"
0.0,3744,4,936.0,928.0,928,960,16.0,"void unary_op_kernel<&op_sgn, float>(const T2 *, T2 *, int)"
0.0,3744,4,936.0,944.0,896,960,30.6,"void unary_op_kernel<&op_sqrt, float>(const T2 *, T2 *, int)"
0.0,3712,4,928.0,928.0,928,928,0.0,"void unary_op_kernel<&op_abs, float>(const T2 *, T2 *, int)"
