layer,expert
0,7
0,9
0,10
0,12
0,14
0,19
0,32
0,37
0,43
0,46
0,52
0,54
0,58
0,60
0,61
0,62
0,63
0,64
0,67
0,71
0,79
0,90
0,93
0,98
0,109
0,110
0,120
0,123
0,130
0,148
0,149
0,160
0,165
0,167
0,168
0,169
0,170
0,176
0,187
0,188
0,192
0,198
0,200
0,201
0,203
0,205
0,212
0,213
0,215
0,216
0,217
0,221
0,222
0,227
0,233
0,234
0,235
0,237
0,240
0,241
0,246
0,251
0,253
0,254
0,259
0,265
0,272
0,278
0,282
0,286
0,289
0,290
0,291
0,293
0,294
0,297
0,302
0,304
0,308
0,309
0,315
0,316
0,319
0,322
0,324
0,330
0,342
0,349
0,354
0,358
0,359
0,369
0,371
0,380
0,386
0,392
0,395
0,396
0,399
0,400
0,401
0,409
0,412
0,415
0,416
0,425
0,431
0,435
0,437
0,451
0,453
0,464
0,470
0,473
0,475
0,480
0,481
0,485
0,493
0,495
0,499
0,501
1,4
1,34
1,36
1,48
1,57
1,58
1,59
1,60
1,62
1,71
1,74
1,86
1,88
1,100
1,108
1,112
1,119
1,125
1,128
1,130
1,143
1,156
1,157
1,159
1,160
1,162
1,171
1,174
1,176
1,186
1,189
1,206
1,209
1,211
1,212
1,215
1,224
1,225
1,233
1,235
1,237
1,238
1,240
1,242
1,243
1,244
1,245
1,251
1,261
1,264
1,265
1,273
1,281
1,287
1,291
1,293
1,294
1,302
1,303
1,304
1,305
1,311
1,313
1,319
1,320
1,326
1,328
1,336
1,341
1,353
1,366
1,370
1,373
1,378
1,381
1,383
1,385
1,386
1,394
1,403
1,410
1,414
1,420
1,423
1,427
1,429
1,434
1,437
1,440
1,442
1,446
1,447
1,448
1,454
1,456
1,465
1,468
1,471
1,475
1,477
1,483
1,487
1,491
1,499
1,509
2,27
2,28
2,36
2,37
2,46
2,50
2,51
2,59
2,77
2,84
2,87
2,89
2,101
2,104
2,105
2,106
2,107
2,109
2,112
2,117
2,132
2,134
2,135
2,138
2,139
2,142
2,147
2,154
2,162
2,164
2,166
2,168
2,171
2,185
2,192
2,200
2,207
2,208
2,210
2,211
2,215
2,222
2,226
2,238
2,250
2,251
2,257
2,263
2,270
2,286
2,289
2,295
2,306
2,310
2,313
2,315
2,319
2,321
2,333
2,338
2,341
2,351
2,352
2,354
2,358
2,360
2,364
2,367
2,370
2,371
2,379
2,380
2,391
2,393
2,404
2,406
2,417
2,418
2,421
2,432
2,435
2,436
2,439
2,443
2,444
2,449
2,452
2,457
2,470
2,479
2,481
2,483
2,486
2,493
2,494
2,495
2,496
2,511
3,9
3,18
3,29
3,35
3,49
3,54
3,67
3,85
3,88
3,111
3,120
3,139
3,141
3,145
3,150
3,161
3,168
3,174
3,178
3,181
3,182
3,187
3,191
3,196
3,197
3,199
3,202
3,205
3,207
3,215
3,216
3,225
3,228
3,229
3,237
3,249
3,251
3,262
3,265
3,269
3,272
3,274
3,285
3,290
3,293
3,305
3,323
3,332
3,335
3,340
3,342
3,354
3,357
3,371
3,374
3,381
3,384
3,397
3,402
3,403
3,404
3,405
3,408
3,425
3,437
3,450
3,465
3,470
3,474
3,484
3,496
3,505
3,507
4,2
4,9
4,24
4,34
4,67
4,71
4,73
4,77
4,96
4,102
4,110
4,114
4,115
4,117
4,128
4,130
4,131
4,149
4,152
4,163
4,166
4,168
4,172
4,184
4,190
4,191
4,192
4,196
4,198
4,199
4,213
4,216
4,221
4,222
4,225
4,232
4,233
4,241
4,245
4,249
4,264
4,266
4,272
4,287
4,292
4,293
4,294
4,296
4,299
4,308
4,311
4,314
4,317
4,325
4,329
4,333
4,339
4,340
4,344
4,345
4,346
4,349
4,357
4,358
4,359
4,367
4,379
4,386
4,389
4,390
4,391
4,392
4,393
4,399
4,403
4,409
4,410
4,414
4,417
4,422
4,428
4,431
4,432
4,436
4,440
4,445
4,465
4,480
4,485
4,488
4,493
4,495
4,496
4,499
4,506
4,507
4,508
5,1
5,5
5,11
5,20
5,21
5,26
5,27
5,33
5,37
5,47
5,52
5,55
5,56
5,68
5,71
5,74
5,75
5,79
5,81
5,82
5,84
5,90
5,96
5,97
5,98
5,100
5,101
5,107
5,110
5,112
5,117
5,118
5,129
5,131
5,132
5,134
5,140
5,143
5,153
5,158
5,159
5,160
5,161
5,172
5,179
5,180
5,185
5,187
5,191
5,204
5,205
5,212
5,228
5,233
5,241
5,245
5,258
5,270
5,273
5,275
5,283
5,284
5,286
5,290
5,294
5,304
5,312
5,317
5,319
5,340
5,344
5,355
5,357
5,374
5,379
5,391
5,392
5,399
5,414
5,415
5,416
5,420
5,424
5,452
5,456
5,466
5,468
5,471
5,475
5,478
5,482
5,485
5,487
5,490
5,491
5,493
5,505
5,510
6,6
6,12
6,24
6,26
6,27
6,33
6,37
6,42
6,46
6,50
6,52
6,53
6,66
6,68
6,71
6,73
6,74
6,78
6,84
6,85
6,102
6,112
6,113
6,119
6,121
6,129
6,132
6,136
6,137
6,138
6,140
6,142
6,144
6,145
6,151
6,158
6,164
6,166
6,168
6,170
6,176
6,179
6,180
6,185
6,188
6,189
6,201
6,208
6,234
6,237
6,253
6,254
6,258
6,259
6,264
6,276
6,279
6,280
6,283
6,285
6,288
6,296
6,309
6,310
6,312
6,329
6,335
6,337
6,345
6,347
6,349
6,354
6,357
6,359
6,365
6,372
6,379
6,383
6,391
6,394
6,397
6,407
6,416
6,422
6,423
6,431
6,435
6,441
6,444
6,446
6,452
6,456
6,468
6,471
6,480
6,484
6,485
6,495
6,498
6,505
6,509
7,2
7,10
7,14
7,15
7,20
7,21
7,33
7,35
7,43
7,65
7,71
7,72
7,76
7,83
7,86
7,87
7,93
7,101
7,108
7,116
7,117
7,118
7,119
7,120
7,122
7,123
7,128
7,132
7,139
7,142
7,148
7,154
7,155
7,158
7,160
7,162
7,165
7,166
7,167
7,168
7,170
7,174
7,177
7,183
7,193
7,200
7,202
7,206
7,210
7,219
7,220
7,228
7,231
7,239
7,242
7,245
7,250
7,258
7,268
7,269
7,274
7,275
7,276
7,280
7,282
7,287
7,288
7,295
7,301
7,302
7,314
7,315
7,316
7,317
7,322
7,323
7,326
7,327
7,332
7,333
7,351
7,353
7,357
7,390
7,395
7,410
7,412
7,413
7,423
7,429
7,434
7,437
7,438
7,461
7,466
7,481
7,489
7,493
7,496
7,499
7,504
7,508
8,2
8,3
8,9
8,11
8,19
8,22
8,49
8,52
8,59
8,63
8,74
8,78
8,87
8,101
8,110
8,111
8,115
8,116
8,126
8,131
8,138
8,140
8,148
8,149
8,151
8,155
8,162
8,171
8,176
8,178
8,182
8,189
8,191
8,201
8,239
8,275
8,287
8,296
8,297
8,301
8,308
8,318
8,322
8,325
8,331
8,342
8,356
8,357
8,361
8,366
8,370
8,373
8,386
8,389
8,392
8,414
8,427
8,432
8,433
8,434
8,436
8,442
8,448
8,449
8,461
8,465
8,470
8,477
8,482
8,496
8,497
8,498
8,505
8,507
8,509
9,0
9,8
9,30
9,40
9,48
9,49
9,68
9,71
9,73
9,77
9,82
9,83
9,89
9,105
9,111
9,129
9,130
9,132
9,138
9,140
9,145
9,152
9,154
9,157
9,160
9,168
9,171
9,183
9,194
9,213
9,214
9,232
9,239
9,257
9,259
9,282
9,286
9,293
9,300
9,301
9,304
9,310
9,319
9,340
9,343
9,349
9,360
9,361
9,363
9,380
9,395
9,398
9,399
9,401
9,416
9,420
9,429
9,436
9,439
9,443
9,446
9,466
9,483
9,501
9,503
9,505
9,506
9,508
10,1
10,3
10,5
10,8
10,10
10,23
10,32
10,48
10,50
10,51
10,77
10,78
10,82
10,87
10,92
10,103
10,125
10,153
10,154
10,163
10,172
10,173
10,176
10,178
10,180
10,188
10,202
10,210
10,211
10,222
10,223
10,236
10,240
10,251
10,255
10,267
10,270
10,299
10,301
10,308
10,314
10,326
10,331
10,338
10,341
10,345
10,348
10,349
10,354
10,362
10,363
10,378
10,389
10,393
10,400
10,409
10,413
10,424
10,466
10,469
10,473
10,488
10,490
10,494
10,497
10,506
10,507
11,9
11,17
11,38
11,59
11,63
11,76
11,78
11,84
11,103
11,110
11,111
11,122
11,127
11,137
11,148
11,153
11,154
11,162
11,163
11,181
11,197
11,207
11,214
11,234
11,238
11,243
11,247
11,251
11,255
11,256
11,258
11,273
11,279
11,287
11,322
11,325
11,328
11,336
11,337
11,339
11,343
11,370
11,374
11,381
11,387
11,398
11,402
11,410
11,415
11,416
11,422
11,425
11,438
11,442
11,446
11,460
11,469
11,471
11,474
11,488
11,503
12,7
12,11
12,18
12,29
12,32
12,33
12,35
12,37
12,47
12,48
12,50
12,60
12,75
12,78
12,80
12,87
12,91
12,93
12,98
12,103
12,111
12,113
12,120
12,127
12,135
12,136
12,140
12,145
12,151
12,154
12,155
12,160
12,165
12,168
12,182
12,198
12,206
12,209
12,217
12,218
12,220
12,221
12,223
12,227
12,228
12,232
12,234
12,242
12,246
12,248
12,251
12,253
12,266
12,269
12,271
12,286
12,287
12,288
12,299
12,303
12,307
12,312
12,313
12,317
12,327
12,331
12,340
12,343
12,351
12,360
12,372
12,377
12,378
12,395
12,399
12,401
12,404
12,406
12,408
12,409
12,419
12,432
12,438
12,444
12,459
12,462
12,463
12,470
12,473
12,475
12,491
12,493
12,496
12,497
12,502
13,2
13,3
13,6
13,14
13,26
13,31
13,35
13,42
13,58
13,70
13,71
13,76
13,80
13,101
13,113
13,116
13,119
13,121
13,124
13,128
13,129
13,137
13,147
13,155
13,157
13,169
13,171
13,172
13,177
13,186
13,195
13,201
13,202
13,204
13,211
13,233
13,234
13,248
13,255
13,257
13,263
13,265
13,270
13,276
13,283
13,286
13,306
13,311
13,316
13,321
13,328
13,329
13,331
13,339
13,347
13,348
13,352
13,373
13,385
13,390
13,391
13,395
13,411
13,412
13,423
13,427
13,441
13,446
13,455
13,475
13,482
13,486
13,487
13,506
14,5
14,6
14,18
14,19
14,33
14,34
14,43
14,47
14,48
14,58
14,64
14,69
14,70
14,77
14,87
14,88
14,90
14,92
14,105
14,112
14,119
14,127
14,138
14,192
14,196
14,207
14,212
14,215
14,219
14,226
14,231
14,241
14,249
14,268
14,283
14,302
14,305
14,315
14,316
14,318
14,329
14,335
14,344
14,354
14,366
14,381
14,382
14,383
14,396
14,401
14,403
14,420
14,428
14,435
14,437
14,439
14,447
14,448
14,450
14,451
14,452
14,461
14,474
14,476
14,486
14,508
15,6
15,10
15,19
15,22
15,25
15,37
15,51
15,61
15,65
15,78
15,81
15,101
15,105
15,111
15,130
15,143
15,160
15,163
15,166
15,169
15,178
15,185
15,193
15,209
15,212
15,220
15,226
15,250
15,267
15,271
15,291
15,296
15,303
15,306
15,309
15,324
15,346
15,347
15,370
15,375
15,379
15,381
15,391
15,396
15,404
15,426
15,475
15,476
15,486
15,488
15,494
15,495
15,508
16,23
16,25
16,26
16,51
16,62
16,74
16,75
16,91
16,92
16,94
16,110
16,115
16,120
16,129
16,133
16,140
16,142
16,146
16,160
16,174
16,180
16,182
16,185
16,199
16,203
16,204
16,210
16,216
16,223
16,224
16,227
16,233
16,243
16,246
16,252
16,269
16,271
16,278
16,283
16,299
16,300
16,324
16,325
16,333
16,337
16,341
16,368
16,370
16,376
16,384
16,424
16,432
16,433
16,438
16,439
16,441
16,442
16,470
16,480
16,482
16,498
17,14
17,34
17,51
17,53
17,54
17,68
17,70
17,72
17,81
17,85
17,93
17,95
17,102
17,106
17,117
17,123
17,132
17,140
17,145
17,147
17,159
17,160
17,166
17,172
17,173
17,174
17,196
17,199
17,202
17,207
17,211
17,214
17,243
17,246
17,252
17,260
17,265
17,266
17,272
17,273
17,276
17,283
17,284
17,285
17,294
17,296
17,297
17,306
17,324
17,331
17,333
17,349
17,364
17,369
17,371
17,372
17,378
17,410
17,413
17,422
17,430
17,436
17,440
17,441
17,442
17,443
17,453
17,454
17,460
17,462
17,466
17,467
17,477
17,480
17,488
17,495
17,499
17,505
18,13
18,25
18,34
18,42
18,48
18,49
18,53
18,58
18,62
18,67
18,80
18,84
18,91
18,93
18,94
18,95
18,96
18,108
18,109
18,117
18,125
18,127
18,142
18,152
18,156
18,159
18,164
18,165
18,168
18,170
18,178
18,181
18,184
18,185
18,196
18,212
18,216
18,219
18,220
18,229
18,235
18,241
18,244
18,246
18,252
18,255
18,260
18,264
18,282
18,283
18,284
18,285
18,293
18,294
18,298
18,305
18,306
18,308
18,319
18,326
18,330
18,331
18,336
18,340
18,341
18,343
18,373
18,379
18,385
18,386
18,388
18,394
18,398
18,399
18,403
18,405
18,416
18,428
18,434
18,435
18,436
18,440
18,444
18,450
18,464
18,468
18,471
18,472
18,475
18,483
18,490
18,497
18,500
18,503
18,506
18,507
18,510
19,1
19,14
19,20
19,25
19,26
19,46
19,47
19,55
19,62
19,63
19,66
19,75
19,80
19,82
19,88
19,92
19,104
19,110
19,123
19,129
19,145
19,174
19,207
19,210
19,212
19,217
19,223
19,225
19,245
19,246
19,250
19,255
19,263
19,269
19,273
19,286
19,289
19,291
19,292
19,313
19,327
19,337
19,341
19,347
19,356
19,373
19,376
19,381
19,383
19,396
19,407
19,418
19,429
19,431
19,435
19,436
19,452
19,456
19,469
19,482
19,483
19,487
19,498
19,502
19,505
19,506
20,2
20,5
20,8
20,10
20,13
20,15
20,27
20,34
20,41
20,47
20,55
20,56
20,57
20,58
20,75
20,76
20,86
20,89
20,90
20,91
20,93
20,94
20,95
20,117
20,122
20,123
20,134
20,136
20,138
20,140
20,142
20,157
20,167
20,170
20,173
20,177
20,190
20,198
20,214
20,215
20,228
20,247
20,251
20,278
20,287
20,289
20,290
20,298
20,321
20,335
20,339
20,345
20,346
20,347
20,359
20,366
20,381
20,401
20,407
20,413
20,423
20,430
20,434
20,437
20,441
20,445
20,448
20,451
20,474
20,486
20,494
20,497
20,506
20,507
20,508
21,3
21,11
21,18
21,21
21,28
21,33
21,40
21,41
21,43
21,48
21,54
21,56
21,59
21,62
21,67
21,69
21,71
21,78
21,83
21,88
21,91
21,98
21,100
21,104
21,107
21,116
21,119
21,121
21,136
21,147
21,163
21,164
21,175
21,178
21,181
21,198
21,206
21,208
21,214
21,220
21,222
21,223
21,239
21,242
21,253
21,255
21,268
21,277
21,279
21,281
21,287
21,292
21,299
21,301
21,305
21,311
21,331
21,333
21,337
21,338
21,340
21,345
21,354
21,376
21,378
21,384
21,388
21,392
21,409
21,412
21,414
21,419
21,436
21,440
21,442
21,447
21,456
21,458
21,459
21,461
21,464
21,467
21,470
21,474
21,496
21,502
21,508
22,8
22,10
22,16
22,17
22,20
22,23
22,28
22,30
22,36
22,39
22,40
22,41
22,43
22,51
22,52
22,58
22,59
22,60
22,65
22,74
22,77
22,78
22,81
22,86
22,102
22,104
22,110
22,112
22,115
22,122
22,125
22,133
22,136
22,142
22,145
22,149
22,150
22,162
22,163
22,175
22,177
22,178
22,179
22,181
22,186
22,193
22,195
22,201
22,205
22,215
22,223
22,225
22,230
22,252
22,253
22,255
22,264
22,269
22,270
22,276
22,279
22,281
22,283
22,290
22,293
22,295
22,300
22,305
22,306
22,309
22,310
22,316
22,317
22,328
22,339
22,349
22,355
22,369
22,373
22,379
22,381
22,384
22,387
22,390
22,401
22,405
22,413
22,419
22,422
22,423
22,426
22,432
22,434
22,444
22,453
22,461
22,468
22,469
22,470
22,471
22,482
22,485
22,494
22,499
22,503
22,507
22,509
22,511
23,4
23,25
23,33
23,46
23,52
23,57
23,58
23,69
23,73
23,74
23,77
23,78
23,81
23,93
23,95
23,105
23,106
23,107
23,118
23,119
23,124
23,146
23,155
23,163
23,164
23,193
23,224
23,237
23,238
23,242
23,248
23,260
23,262
23,263
23,279
23,280
23,296
23,303
23,306
23,316
23,317
23,363
23,376
23,379
23,382
23,384
23,389
23,390
23,398
23,401
23,402
23,434
23,435
23,443
23,453
23,456
23,478
23,482
23,486
23,498
23,507
24,2
24,3
24,9
24,11
24,49
24,52
24,57
24,59
24,63
24,74
24,76
24,87
24,101
24,110
24,111
24,115
24,116
24,126
24,127
24,138
24,140
24,148
24,151
24,155
24,161
24,162
24,171
24,176
24,182
24,184
24,189
24,191
24,194
24,233
24,239
24,275
24,283
24,287
24,296
24,301
24,304
24,307
24,318
24,322
24,325
24,331
24,339
24,342
24,354
24,356
24,357
24,366
24,373
24,386
24,389
24,392
24,414
24,427
24,432
24,442
24,448
24,449
24,461
24,470
24,477
24,482
24,497
24,503
24,505
24,507
24,509
25,0
25,2
25,30
25,42
25,48
25,49
25,60
25,63
25,77
25,82
25,89
25,111
25,129
25,130
25,132
25,138
25,140
25,145
25,152
25,154
25,157
25,160
25,168
25,183
25,210
25,213
25,214
25,239
25,259
25,270
25,286
25,301
25,310
25,337
25,340
25,360
25,361
25,367
25,380
25,395
25,399
25,401
25,416
25,420
25,424
25,436
25,439
25,443
25,446
25,466
25,479
25,506
25,508
26,1
26,3
26,8
26,10
26,32
26,48
26,50
26,51
26,60
26,74
26,77
26,79
26,82
26,87
26,92
26,125
26,129
26,153
26,154
26,163
26,172
26,173
26,176
26,180
26,188
26,202
26,208
26,211
26,223
26,238
26,240
26,251
26,255
26,265
26,270
26,273
26,280
26,299
26,305
26,308
26,314
26,326
26,329
26,331
26,338
26,345
26,348
26,349
26,354
26,362
26,363
26,400
26,409
26,424
26,428
26,441
26,442
26,469
26,473
26,488
26,490
26,494
26,506
26,507
27,9
27,11
27,12
27,17
27,25
27,35
27,56
27,59
27,63
27,71
27,78
27,103
27,111
27,122
27,123
27,127
27,137
27,148
27,150
27,153
27,154
27,169
27,181
27,193
27,194
27,197
27,207
27,214
27,234
27,243
27,250
27,251
27,256
27,258
27,273
27,287
27,294
27,322
27,337
27,339
27,343
27,344
27,374
27,381
27,383
27,387
27,398
27,402
27,410
27,415
27,416
27,422
27,438
27,442
27,446
27,469
27,471
27,474
27,503
28,6
28,7
28,11
28,18
28,29
28,32
28,33
28,37
28,47
28,48
28,50
28,57
28,60
28,75
28,78
28,80
28,87
28,91
28,93
28,98
28,100
28,103
28,111
28,113
28,120
28,127
28,136
28,140
28,145
28,154
28,155
28,160
28,165
28,168
28,177
28,198
28,206
28,209
28,217
28,220
28,221
28,223
28,228
28,234
28,246
28,248
28,251
28,253
28,266
28,272
28,286
28,288
28,299
28,303
28,304
28,312
28,313
28,317
28,331
28,334
28,340
28,343
28,345
28,351
28,356
28,360
28,372
28,377
28,378
28,395
28,399
28,403
28,406
28,408
28,409
28,410
28,419
28,432
28,438
28,444
28,453
28,459
28,463
28,470
28,475
28,489
28,491
28,493
28,502
29,6
29,12
29,14
29,26
29,31
29,34
29,35
29,42
29,44
29,52
29,71
29,76
29,80
29,101
29,113
29,116
29,119
29,121
29,127
29,128
29,129
29,137
29,138
29,147
29,157
29,169
29,171
29,177
29,186
29,195
29,202
29,211
29,220
29,232
29,233
29,248
29,252
29,257
29,263
29,270
29,277
29,283
29,286
29,287
29,302
29,311
29,316
29,321
29,328
29,329
29,339
29,343
29,346
29,347
29,348
29,352
29,355
29,373
29,390
29,391
29,395
29,412
29,420
29,423
29,427
29,441
29,444
29,446
29,454
29,457
29,463
29,486
29,487
29,489
29,490
29,506
30,5
30,18
30,19
30,33
30,38
30,48
30,53
30,69
30,70
30,77
30,90
30,92
30,96
30,105
30,119
30,123
30,127
30,131
30,160
30,183
30,192
30,196
30,215
30,219
30,231
30,236
30,241
30,243
30,249
30,254
30,283
30,288
30,302
30,305
30,315
30,316
30,319
30,344
30,351
30,354
30,366
30,368
30,381
30,382
30,383
30,388
30,396
30,401
30,403
30,427
30,428
30,431
30,435
30,439
30,448
30,450
30,451
30,452
30,461
30,476
30,486
30,493
30,508
31,6
31,19
31,22
31,25
31,37
31,51
31,65
31,66
31,70
31,81
31,83
31,105
31,111
31,130
31,160
31,163
31,166
31,169
31,185
31,193
31,209
31,212
31,220
31,226
31,237
31,241
31,250
31,267
31,271
31,283
31,287
31,291
31,296
31,306
31,336
31,346
31,347
31,353
31,370
31,375
31,379
31,381
31,391
31,404
31,410
31,475
31,476
31,488
31,495
32,23
32,25
32,26
32,31
32,39
32,51
32,62
32,91
32,94
32,108
32,109
32,110
32,115
32,121
32,160
32,163
32,174
32,180
32,182
32,185
32,203
32,210
32,216
32,224
32,227
32,246
32,252
32,269
32,283
32,299
32,300
32,324
32,325
32,332
32,333
32,337
32,341
32,370
32,376
32,384
32,399
32,405
32,424
32,432
32,433
32,438
32,439
32,441
32,442
32,463
32,470
32,471
32,482
32,498
32,505
33,16
33,17
33,34
33,53
33,54
33,62
33,68
33,72
33,79
33,81
33,85
33,90
33,93
33,101
33,106
33,117
33,123
33,132
33,140
33,147
33,148
33,159
33,172
33,173
33,174
33,187
33,193
33,196
33,207
33,210
33,214
33,216
33,260
33,265
33,266
33,272
33,273
33,276
33,284
33,287
33,294
33,296
33,309
33,324
33,331
33,333
33,343
33,349
33,364
33,369
33,371
33,372
33,378
33,383
33,410
33,422
33,425
33,430
33,440
33,441
33,452
33,462
33,477
33,480
33,484
33,488
33,495
33,505
34,21
34,34
34,42
34,48
34,49
34,53
34,58
34,62
34,67
34,80
34,84
34,91
34,94
34,95
34,96
34,108
34,109
34,117
34,122
34,125
34,127
34,142
34,152
34,156
34,162
34,164
34,165
34,168
34,170
34,178
34,184
34,185
34,196
34,199
34,212
34,216
34,219
34,220
34,229
34,234
34,235
34,241
34,244
34,246
34,255
34,260
34,264
34,282
34,283
34,284
34,285
34,293
34,298
34,305
34,306
34,308
34,319
34,321
34,326
34,330
34,331
34,336
34,337
34,340
34,341
34,343
34,353
34,358
34,361
34,362
34,379
34,385
34,386
34,388
34,390
34,394
34,398
34,403
34,416
34,419
34,428
34,434
34,435
34,450
34,459
34,464
34,468
34,471
34,472
34,473
34,483
34,490
34,497
34,500
34,503
34,507
34,510
35,1
35,10
35,14
35,16
35,20
35,22
35,25
35,26
35,34
35,47
35,62
35,63
35,66
35,82
35,92
35,104
35,110
35,113
35,118
35,123
35,129
35,145
35,147
35,161
35,174
35,207
35,210
35,212
35,217
35,223
35,225
35,250
35,253
35,262
35,263
35,273
35,286
35,289
35,292
35,313
35,327
35,328
35,331
35,347
35,373
35,381
35,383
35,396
35,407
35,428
35,429
35,431
35,435
35,436
35,440
35,443
35,445
35,452
35,456
35,469
35,482
35,487
35,498
35,502
35,504
35,506
36,2
36,5
36,8
36,10
36,13
36,15
36,27
36,28
36,34
36,41
36,47
36,55
36,56
36,57
36,58
36,64
36,69
36,75
36,76
36,82
36,90
36,93
36,94
36,95
36,117
36,122
36,123
36,134
36,136
36,138
36,140
36,168
36,170
36,173
36,177
36,190
36,198
36,202
36,214
36,215
36,218
36,228
36,247
36,249
36,251
36,289
36,290
36,297
36,298
36,310
36,315
36,318
36,321
36,326
36,347
36,359
36,366
36,401
36,413
36,423
36,430
36,436
36,437
36,445
36,447
36,448
36,451
36,459
36,468
36,469
36,474
36,494
36,497
36,506
36,507
36,508
37,3
37,11
37,18
37,21
37,28
37,33
37,40
37,41
37,43
37,48
37,54
37,56
37,58
37,59
37,67
37,69
37,71
37,78
37,83
37,88
37,91
37,98
37,100
37,104
37,107
37,111
37,116
37,119
37,120
37,121
37,129
37,136
37,163
37,164
37,175
37,178
37,181
37,187
37,198
37,199
37,201
37,206
37,208
37,214
37,220
37,222
37,226
37,237
37,239
37,242
37,253
37,268
37,279
37,281
37,287
37,292
37,299
37,301
37,305
37,311
37,331
37,337
37,340
37,345
37,354
37,378
37,384
37,388
37,392
37,409
37,412
37,414
37,419
37,440
37,442
37,447
37,456
37,458
37,459
37,464
37,470
37,474
37,479
37,496
37,502
38,8
38,16
38,17
38,20
38,23
38,24
38,30
38,39
38,40
38,42
38,43
38,51
38,52
38,60
38,65
38,74
38,77
38,78
38,81
38,86
38,102
38,104
38,110
38,112
38,115
38,125
38,136
38,142
38,145
38,149
38,150
38,162
38,163
38,175
38,177
38,178
38,179
38,181
38,186
38,192
38,193
38,201
38,215
38,225
38,230
38,252
38,253
38,255
38,264
38,269
38,270
38,273
38,276
38,279
38,281
38,283
38,290
38,293
38,300
38,305
38,306
38,309
38,316
38,317
38,328
38,339
38,345
38,349
38,355
38,373
38,379
38,381
38,384
38,387
38,390
38,396
38,401
38,405
38,413
38,419
38,422
38,423
38,426
38,432
38,434
38,444
38,453
38,461
38,468
38,469
38,470
38,471
38,482
38,494
38,495
38,499
38,500
38,503
38,507
38,509
38,511
39,25
39,33
39,46
39,52
39,60
39,69
39,73
39,78
39,81
39,95
39,96
39,105
39,107
39,114
39,117
39,119
39,124
39,139
39,146
39,155
39,164
39,181
39,193
39,234
39,238
39,248
39,250
39,260
39,263
39,270
39,272
39,306
39,316
39,355
39,356
39,363
39,376
39,387
39,390
39,398
39,401
39,407
39,410
39,416
39,434
39,435
39,443
39,453
39,454
39,456
39,467
39,478
39,482
39,498
39,507
40,6
40,25
40,43
40,56
40,77
40,85
40,91
40,100
40,106
40,122
40,136
40,145
40,146
40,157
40,162
40,171
40,179
40,186
40,187
40,198
40,201
40,203
40,215
40,222
40,223
40,233
40,244
40,252
40,253
40,263
40,273
40,278
40,280
40,294
40,298
40,311
40,314
40,330
40,346
40,352
40,355
40,357
40,363
40,366
40,389
40,391
40,397
40,407
40,418
40,425
40,434
40,439
40,450
40,456
40,463
40,471
40,477
40,482
40,498
40,503
40,505
41,2
41,12
41,19
41,29
41,40
41,43
41,46
41,49
41,61
41,63
41,83
41,90
41,94
41,121
41,125
41,145
41,146
41,147
41,151
41,157
41,158
41,164
41,170
41,175
41,177
41,211
41,216
41,220
41,226
41,243
41,245
41,252
41,256
41,258
41,259
41,260
41,283
41,306
41,328
41,332
41,343
41,352
41,358
41,380
41,384
41,385
41,407
41,408
41,414
41,415
41,417
41,427
41,430
41,431
41,434
41,435
41,438
41,449
41,462
41,473
41,475
41,484
41,485
41,494
41,499
41,501
41,505
41,508
42,16
42,20
42,21
42,22
42,23
42,45
42,50
42,55
42,56
42,59
42,62
42,78
42,85
42,87
42,91
42,95
42,97
42,113
42,114
42,119
42,122
42,123
42,131
42,133
42,137
42,139
42,158
42,168
42,172
42,177
42,187
42,194
42,197
42,216
42,220
42,225
42,232
42,235
42,237
42,253
42,257
42,261
42,267
42,268
42,287
42,301
42,303
42,304
42,325
42,341
42,342
42,355
42,362
42,365
42,367
42,369
42,379
42,386
42,387
42,389
42,391
42,393
42,394
42,403
42,410
42,417
42,424
42,426
42,428
42,435
42,436
42,438
42,448
42,457
42,472
42,476
42,478
42,479
42,480
42,482
42,484
42,490
42,491
42,508
43,15
43,34
43,37
43,42
43,47
43,49
43,71
43,76
43,87
43,92
43,93
43,94
43,95
43,106
43,107
43,118
43,119
43,137
43,142
43,149
43,156
43,166
43,178
43,180
43,181
43,185
43,186
43,207
43,221
43,226
43,234
43,255
43,256
43,267
43,278
43,280
43,293
43,294
43,299
43,300
43,329
43,339
43,345
43,346
43,357
43,360
43,377
43,378
43,380
43,387
43,391
43,412
43,427
43,438
43,458
43,460
43,462
43,481
43,486
43,489
43,498
43,506
43,509
44,4
44,28
44,30
44,33
44,35
44,43
44,47
44,51
44,54
44,55
44,74
44,79
44,95
44,104
44,120
44,127
44,134
44,145
44,147
44,148
44,156
44,158
44,164
44,167
44,173
44,175
44,189
44,194
44,196
44,202
44,204
44,212
44,220
44,223
44,224
44,233
44,234
44,237
44,246
44,248
44,250
44,256
44,270
44,273
44,276
44,280
44,281
44,288
44,292
44,293
44,294
44,333
44,337
44,338
44,372
44,421
44,422
44,427
44,440
44,446
44,465
44,468
44,471
44,473
44,474
44,479
44,492
44,500
44,510
45,1
45,2
45,5
45,22
45,31
45,33
45,39
45,48
45,56
45,60
45,64
45,70
45,76
45,84
45,104
45,111
45,113
45,119
45,123
45,126
45,133
45,141
45,153
45,162
45,168
45,172
45,189
45,193
45,196
45,200
45,201
45,210
45,220
45,224
45,230
45,232
45,268
45,280
45,282
45,290
45,297
45,301
45,303
45,332
45,346
45,351
45,359
45,365
45,381
45,383
45,396
45,401
45,406
45,411
45,415
45,421
45,424
45,435
45,447
45,456
45,466
45,470
45,472
45,488
45,496
45,503
45,509
46,11
46,12
46,24
46,25
46,33
46,35
46,41
46,45
46,56
46,57
46,66
46,68
46,71
46,73
46,77
46,88
46,93
46,110
46,121
46,124
46,128
46,138
46,141
46,143
46,147
46,149
46,151
46,161
46,164
46,181
46,185
46,186
46,191
46,193
46,196
46,199
46,214
46,218
46,239
46,242
46,244
46,262
46,272
46,281
46,315
46,319
46,329
46,336
46,339
46,346
46,351
46,359
46,373
46,378
46,379
46,390
46,392
46,397
46,407
46,412
46,417
46,421
46,431
46,432
46,434
46,446
46,457
46,464
46,469
46,489
46,492
46,499
46,502
46,504
46,510
47,8
47,11
47,12
47,17
47,29
47,31
47,33
47,37
47,39
47,45
47,48
47,54
47,61
47,76
47,79
47,80
47,82
47,88
47,89
47,109
47,112
47,122
47,125
47,126
47,142
47,144
47,152
47,154
47,166
47,175
47,178
47,181
47,183
47,188
47,202
47,204
47,207
47,210
47,222
47,226
47,229
47,232
47,234
47,242
47,248
47,254
47,258
47,269
47,270
47,279
47,280
47,285
47,292
47,298
47,320
47,323
47,326
47,333
47,336
47,337
47,338
47,349
47,356
47,357
47,360
47,372
47,377
47,398
47,407
47,415
47,424
47,431
47,439
47,445
47,446
47,451
47,454
47,458
47,463
47,480
47,486
47,495
47,501
47,505
47,509
