timestamp_s,cpu_percent,working_set_gb,private_gb,gpu_util_percent,gpu_mem_used_mb
0.269,3.810,0.295,0.433,10,1207
0.623,2.899,0.357,0.496,10,1207
0.967,2.556,0.357,0.587,10,1205
1.296,3.111,0.357,0.587,10,1191
1.639,3.134,0.357,0.587,10,1165
1.983,2.838,0.357,0.587,9,1114
2.326,2.992,0.357,0.667,9,1114
2.654,3.130,0.357,0.667,10,1114
2.996,2.994,0.357,0.667,11,1114
3.309,3.117,0.357,0.667,11,1110
3.650,3.157,0.357,0.667,10,1110
3.976,2.990,0.357,0.667,9,1110
4.304,3.125,0.357,0.667,9,1114
4.632,3.133,0.357,0.667,10,1103
4.973,3.149,0.357,0.667,10,1099
5.300,3.136,0.357,0.667,10,1101
5.613,3.116,0.710,5.031,15,5561
5.941,3.128,1.656,5.031,15,5561
6.268,3.131,2.639,5.031,23,5560
6.609,3.010,3.616,5.031,23,5560
6.949,3.158,4.606,5.031,23,5560
7.289,3.016,5.303,7.254,23,6804
7.611,2.886,6.244,7.289,23,6834
7.951,3.011,7.182,7.393,23,6841
8.277,3.148,8.123,7.393,26,6849
8.605,2.978,9.109,7.393,25,6849
8.948,3.130,10.050,7.394,25,6849
9.276,2.977,10.999,7.394,25,6845
9.592,2.939,11.905,7.394,25,6845
9.906,3.102,12.807,7.395,25,6846
10.236,2.968,13.795,7.327,24,6845
10.580,2.980,14.721,7.327,27,6844
10.905,3.156,15.699,7.327,27,6844
11.245,3.153,16.618,7.328,25,6839
11.569,3.168,17.567,7.328,27,6840
11.894,3.154,18.517,7.328,27,6840
12.236,3.002,19.496,7.329,27,6848
12.579,2.984,20.448,7.329,25,6848
12.920,3.150,21.363,7.329,25,6848
13.235,3.097,22.253,7.330,25,6845
13.562,3.144,23.175,7.330,25,6845
13.891,3.110,24.163,7.330,25,6846
14.234,2.995,25.144,7.331,25,6844
14.578,2.977,26.088,7.331,28,6847
14.893,2.948,27.022,7.331,28,6847
15.220,52.813,27.468,7.447,23,6874
15.579,74.499,28.062,7.447,27,6874
15.943,76.051,28.464,7.447,35,6878
16.303,71.861,28.895,7.447,35,6882
16.666,73.034,29.114,7.447,32,6884
17.025,73.715,29.280,7.447,34,6880
17.380,74.572,29.559,7.447,34,6880
17.734,70.328,29.793,7.447,35,6880
18.092,74.374,30.113,7.447,32,6876
18.448,73.764,30.333,7.447,34,6876
18.807,73.769,30.626,7.447,34,6876
19.164,74.544,30.759,7.447,33,6865
19.521,74.249,30.994,7.447,33,6865
19.879,73.655,31.198,7.447,33,6870
20.241,72.228,31.462,7.447,33,6874
20.594,70.167,31.744,7.447,30,6874
20.957,75.278,31.967,7.447,34,6874
21.317,70.765,32.102,7.448,34,6874
21.693,74.413,32.282,7.448,32,6874
22.052,73.879,32.432,7.448,33,6873
22.412,74.157,32.578,7.448,33,6869
22.770,74.090,32.733,7.448,33,6870
23.128,74.271,32.894,7.448,34,6860
23.487,72.227,33.068,7.448,33,6860
23.852,73.243,33.212,7.448,33,6860
24.214,72.893,33.317,7.448,32,6868
24.575,71.831,33.438,7.448,34,6868
24.935,74.492,33.558,7.448,33,6863
25.288,75.171,33.745,7.448,33,6863
25.661,74.121,33.868,7.448,33,6865
26.017,66.837,34.008,7.448,32,6859
26.374,74.120,34.175,7.448,32,6859
26.735,73.297,34.262,7.448,32,6960
27.097,73.813,34.388,7.448,34,6959
27.454,70.852,34.498,7.448,34,6959
27.815,74.161,34.597,7.448,34,6971
28.171,69.665,34.746,7.448,33,6960
28.514,73.824,34.950,7.448,33,6960
28.869,75.078,35.041,7.448,33,6960
29.224,74.456,35.111,7.448,35,6925
29.580,72.531,35.272,7.448,33,6925
29.936,72.020,35.363,7.448,34,6925
30.293,73.349,35.425,7.448,34,6877
30.651,74.850,35.563,7.448,33,6877
31.007,74.743,35.639,7.448,34,6877
31.365,74.620,35.689,7.448,34,6877
31.719,68.951,35.757,7.448,35,6866
32.078,73.919,35.797,7.448,34,6853
32.434,74.225,35.866,7.448,35,6862
32.794,73.553,35.933,7.448,35,6845
33.153,74.106,36.023,7.448,34,6845
33.514,72.452,36.093,7.448,34,6845
33.876,73.294,36.186,7.448,34,6845
34.239,74.286,36.317,7.448,34,6845
34.598,74.080,36.372,7.448,34,6845
34.962,73.562,36.513,7.448,34,6845
35.324,73.429,36.899,7.448,34,6835
35.688,72.899,37.007,7.448,33,6835
36.050,76.052,37.161,7.448,30,6835
36.409,73.195,37.222,7.448,30,6845
36.765,71.313,37.255,7.448,32,6845
37.122,74.181,37.329,7.448,34,6845
37.474,75.539,37.509,7.448,33,6845
37.828,68.229,37.581,7.448,33,6845
38.185,74.190,37.666,7.448,34,6845
38.540,74.686,37.805,7.448,33,6839
38.896,74.451,37.875,7.448,33,6839
39.250,71.267,37.957,7.448,33,6835
39.609,72.629,38.021,7.448,32,6835
39.983,74.593,38.098,7.448,33,6835
40.341,73.753,38.118,7.448,33,6845
40.702,73.133,38.250,7.448,32,6845
41.062,73.593,38.453,7.448,31,6846
41.423,72.939,38.502,7.448,32,6847
41.780,72.996,38.578,7.448,32,6847
42.136,75.212,38.682,7.448,32,6847
42.496,73.787,38.733,7.448,34,6836
42.857,73.649,38.765,7.448,34,6836
43.218,73.220,38.832,7.448,34,6836
43.580,72.429,38.884,7.448,33,6836
43.940,74.700,38.916,7.448,34,6836
44.284,71.881,38.956,7.448,34,6846
44.641,71.013,39.007,7.448,35,6846
45.003,74.727,39.032,7.448,34,6846
45.365,73.484,39.070,7.448,34,6846
45.712,73.308,39.098,7.448,34,6846
46.073,73.218,39.109,7.448,33,6846
46.437,73.195,39.162,7.448,33,6839
46.798,73.367,39.237,7.448,33,6839
47.161,75.973,39.294,7.448,32,6839
47.524,71.859,39.382,7.448,33,6835
47.886,73.522,39.423,7.448,33,6835
48.250,72.523,39.477,7.448,34,6845
48.612,76.208,39.527,7.448,33,6845
48.972,71.924,39.601,7.448,34,6845
49.331,72.455,39.655,7.448,34,6845
49.688,70.770,39.764,7.448,34,6845
50.044,73.687,39.852,7.448,33,6845
50.398,71.054,39.930,7.448,33,6835
50.754,74.386,39.994,7.448,35,6835
51.113,72.460,40.044,7.448,33,6835
51.469,68.188,40.086,7.448,34,6835
51.826,74.703,40.110,7.448,34,6835
52.182,73.798,40.173,7.448,33,6845
52.539,74.009,40.234,7.448,34,6845
52.899,73.322,40.334,7.448,34,6846
53.257,73.384,40.383,7.448,33,6847
53.617,71.879,40.449,7.448,32,6847
53.980,72.653,40.509,7.448,34,6847
54.341,73.342,40.545,7.448,34,6841
54.703,72.627,40.573,7.448,33,6841
55.063,73.309,40.604,7.448,34,6841
55.425,76.712,40.639,7.448,34,6836
55.788,72.795,40.703,7.448,34,6836
56.151,73.281,40.728,7.448,32,6845
56.513,72.175,40.771,7.448,35,6846
56.875,73.637,40.794,7.448,35,6846
57.233,21.816,40.794,7.448,43,6846
57.558,3.003,40.794,7.448,56,6846
57.884,2.700,40.794,7.448,56,6846
58.225,3.007,40.794,7.448,55,6846
58.569,3.123,40.794,7.448,55,6846
58.914,3.112,40.794,7.448,55,6847
59.258,3.119,40.795,7.449,56,6847
59.587,26.318,40.796,7.450,55,6847
59.946,74.664,40.796,7.450,35,6849
60.311,73.192,40.796,7.450,35,6849
60.671,73.805,40.796,7.450,35,6849
61.035,75.664,40.796,7.450,36,6849
61.394,74.210,40.796,7.450,36,6849
61.747,69.869,40.796,7.450,34,6851
62.100,75.353,40.796,7.450,36,6857
62.456,74.844,40.796,7.450,35,6858
62.814,70.355,40.796,7.450,35,6858
63.174,74.830,40.796,7.450,35,6857
63.529,71.650,40.796,7.450,33,6926
63.888,73.648,40.796,7.450,33,6926
64.250,72.954,40.796,7.450,35,6926
64.611,69.382,40.796,7.450,36,6927
64.969,71.564,40.796,7.450,35,6929
65.327,73.824,40.796,7.450,35,6880
65.688,73.110,40.796,7.450,34,6880
66.053,76.116,40.796,7.450,38,6881
66.414,73.245,40.796,7.450,38,6881
66.776,73.009,40.796,7.450,34,6900
67.135,74.075,40.796,7.450,35,6901
67.493,72.081,40.796,7.450,34,6895
67.854,72.680,40.796,7.450,34,6895
68.215,73.308,40.796,7.450,35,6897
68.578,74.169,40.796,7.450,36,6884
68.939,73.402,40.796,7.450,36,6884
69.298,73.744,40.796,7.450,36,6884
69.657,74.355,40.796,7.450,35,6870
70.019,75.805,40.796,7.450,36,6870
70.378,71.977,40.796,7.450,36,6864
70.741,72.658,40.796,7.450,36,6864
71.103,73.720,40.796,7.450,35,6864
71.483,70.722,40.796,7.450,36,6863
71.847,74.911,40.796,7.450,36,6855
72.208,73.155,40.796,7.450,37,6855
72.570,73.330,40.796,7.450,37,6853
72.934,73.516,40.796,7.450,36,6848
73.297,72.932,40.796,7.450,36,6828
73.657,71.967,40.796,7.450,36,6828
74.031,73.392,40.796,7.450,35,6828
74.386,74.723,40.796,7.450,35,6829
74.747,74.338,40.796,7.450,36,6829
75.107,73.909,40.796,7.450,35,6829
75.467,73.830,40.796,7.450,37,6829
75.821,75.431,40.796,7.450,37,6829
76.177,74.693,40.796,7.450,35,6829
76.537,73.672,40.796,7.450,36,6829
76.896,74.427,40.796,7.450,36,6829
77.255,73.438,40.796,7.450,36,6829
77.615,73.561,40.796,7.450,36,6829
77.977,74.230,40.796,7.450,35,6829
78.341,72.301,40.796,7.450,35,6859
78.698,74.474,40.796,7.450,37,6859
79.054,74.441,40.796,7.450,35,6859
79.409,74.249,40.796,7.450,35,6859
79.770,72.046,40.796,7.450,34,6859
80.130,73.888,40.796,7.450,35,6859
80.487,73.145,40.796,7.450,35,6859
80.850,73.170,40.796,7.450,35,6859
81.213,73.334,40.796,7.450,35,6859
81.574,73.671,40.796,7.450,35,6847
81.935,72.944,40.796,7.450,35,6847
82.299,73.809,40.796,7.450,35,6847
82.659,75.782,40.796,7.450,35,6847
83.022,73.600,40.796,7.450,36,6859
83.384,72.773,40.796,7.450,36,6849
83.746,73.142,40.796,7.450,35,6849
84.095,72.980,40.796,7.450,32,6849
84.455,74.053,40.796,7.450,35,6849
84.818,74.577,40.796,7.450,35,6849
85.180,74.105,40.796,7.450,35,6849
85.542,73.438,40.796,7.450,34,6837
85.904,73.260,40.796,7.450,34,6837
86.266,73.501,40.796,7.450,35,6837
86.628,76.395,40.796,7.450,35,6837
87.006,71.285,40.796,7.450,34,6849
87.367,73.526,40.796,7.450,34,6849
87.729,73.392,40.796,7.450,35,6849
88.087,73.898,40.796,7.450,37,6852
88.449,73.552,40.796,7.450,36,6856
88.813,73.341,40.796,7.450,36,6892
89.176,75.531,40.796,7.450,36,6894
89.535,73.618,40.796,7.450,36,6897
89.897,73.053,40.796,7.450,36,6905
90.259,72.170,40.796,7.450,37,6906
90.620,74.279,40.796,7.450,36,6910
90.978,72.937,40.796,7.450,37,6911
91.341,72.158,40.796,7.450,37,6914
91.689,71.103,40.796,7.450,42,6890
92.052,72.608,40.796,7.450,40,6890
92.413,72.996,40.796,7.450,40,6888
92.776,72.138,40.796,7.450,34,6887
93.135,74.314,40.796,7.450,36,6887
93.494,73.640,40.796,7.450,34,6880
93.854,72.518,40.796,7.450,34,6871
94.216,73.873,40.796,7.450,35,6871
94.577,72.713,40.796,7.450,35,6871
94.938,72.086,40.796,7.450,35,6870
95.296,72.247,40.796,7.450,35,6866
95.655,72.972,40.796,7.450,35,6872
96.017,71.518,40.796,7.450,35,6872
96.380,75.898,40.796,7.450,35,6870
96.727,72.753,40.796,7.450,34,6867
97.086,74.815,40.796,7.450,36,6867
97.459,74.248,40.796,7.450,34,6866
97.823,72.814,40.796,7.450,34,6857
98.186,73.174,40.796,7.450,35,6857
98.549,69.358,40.796,7.450,35,6862
98.911,18.758,40.796,7.450,35,6862
99.240,3.115,40.796,7.450,55,6862
99.569,3.118,40.796,7.450,54,6862
99.913,3.116,40.796,7.450,54,6862
100.243,2.960,40.796,7.450,56,6862
100.588,2.979,40.796,7.450,57,6862
100.918,3.098,40.796,7.450,57,6849
101.263,18.823,40.796,7.450,56,6849
101.624,73.361,40.796,7.450,31,6840
101.987,76.574,40.796,7.450,35,6849
102.348,74.298,40.796,7.450,35,6849
102.711,73.200,40.796,7.450,34,6878
103.067,74.224,40.796,7.450,39,6882
103.430,73.185,40.796,7.450,35,6882
103.788,74.041,40.796,7.450,35,6882
104.150,72.830,40.796,7.450,35,6882
104.510,72.818,40.796,7.450,39,6882
104.870,73.447,40.796,7.450,39,6882
105.229,73.516,40.796,7.450,35,6882
105.591,73.877,40.796,7.450,34,6877
105.953,73.687,40.796,7.450,36,6876
106.314,70.393,40.796,7.450,36,6882
106.678,72.904,40.796,7.450,36,6882
107.041,72.014,40.796,7.450,35,6882
107.403,72.540,40.796,7.450,35,6882
107.763,70.291,40.796,7.450,39,6885
108.126,72.813,40.796,7.450,34,6883
108.487,74.006,40.796,7.450,35,6883
108.849,73.476,40.796,7.450,35,6883
109.213,72.607,40.796,7.450,37,6883
109.573,73.379,40.796,7.450,35,6883
109.932,73.801,40.796,7.450,36,6883
110.291,72.329,40.796,7.450,36,6883
110.651,74.104,40.796,7.450,34,6864
111.012,72.743,40.796,7.450,36,6863
111.372,73.706,40.796,7.450,36,6864
111.735,73.716,40.796,7.450,35,6864
112.092,73.214,40.796,7.450,36,6864
112.453,73.855,40.796,7.450,35,6864
112.812,72.635,40.796,7.450,35,6882
113.167,74.744,40.796,7.450,41,6882
113.525,74.455,40.796,7.450,34,6882
113.884,73.608,40.796,7.450,34,6903
114.241,73.921,40.796,7.450,40,6966
114.602,73.621,40.796,7.450,34,6961
114.962,73.205,40.796,7.450,34,6961
115.321,74.860,40.796,7.450,34,6961
115.686,73.067,40.796,7.450,34,6866
116.047,73.804,40.796,7.450,36,6866
116.407,73.679,40.796,7.450,36,6921
116.770,75.402,40.796,7.450,35,6957
117.128,73.493,40.796,7.450,36,6957
117.487,70.566,40.796,7.450,34,6957
117.864,72.415,40.796,7.450,34,6930
118.223,73.365,40.796,7.450,35,6954
118.584,69.618,40.796,7.450,32,6947
118.945,73.237,40.796,7.450,35,6947
119.307,73.238,40.796,7.450,35,6947
119.655,71.943,40.796,7.450,35,6919
120.027,74.926,40.796,7.450,35,6919
120.388,73.176,40.796,7.450,35,6919
120.746,74.666,40.796,7.450,35,6933
121.106,73.850,40.796,7.450,43,6966
121.467,73.976,40.796,7.450,35,6966
121.827,73.689,40.796,7.450,35,6966
122.181,75.048,40.796,7.450,34,6966
122.539,74.463,40.796,7.450,35,6966
122.893,74.713,40.796,7.450,35,6942
123.248,72.928,40.796,7.450,35,6942
123.607,74.118,40.796,7.450,34,6958
123.968,73.409,40.796,7.450,35,6959
124.329,73.890,40.796,7.450,35,6959
124.676,76.661,40.796,7.450,33,6959
125.038,73.921,40.796,7.450,39,6967
125.400,73.790,40.796,7.450,39,6973
125.765,72.987,40.796,7.450,39,6973
126.126,73.253,40.796,7.450,30,6973
126.490,74.580,40.796,7.450,35,6973
126.853,73.839,40.796,7.450,35,6944
127.212,74.316,40.796,7.450,35,6945
127.577,72.873,40.796,7.450,36,6964
127.938,73.193,40.796,7.450,36,6965
128.301,75.443,40.796,7.450,36,6965
128.664,72.902,40.796,7.450,35,6965
129.028,71.384,40.796,7.450,35,6965
129.386,73.593,40.796,7.450,35,6962
129.749,73.253,40.796,7.450,41,6962
130.115,73.554,40.796,7.450,35,6962
130.477,73.459,40.796,7.450,35,6932
130.826,73.776,40.796,7.450,35,6905
131.188,73.028,40.796,7.450,34,6909
131.549,75.654,40.796,7.450,43,6951
131.909,73.534,40.796,7.450,43,6918
132.270,70.267,40.796,7.450,35,6918
132.631,73.860,40.796,7.450,35,6909
132.993,73.034,40.796,7.450,34,6906
133.356,73.333,40.796,7.450,34,6906
133.705,75.376,40.796,7.450,34,6872
134.065,73.852,40.796,7.450,33,6872
134.423,70.233,40.796,7.450,33,6872
134.784,77.008,40.796,7.450,35,6868
135.147,73.110,40.796,7.450,35,6868
135.509,71.657,40.796,7.450,43,6882
135.870,73.684,40.796,7.450,43,6882
136.231,72.835,40.796,7.450,35,6883
136.594,73.518,40.796,7.450,34,6884
136.941,75.887,40.796,7.450,35,6873
137.298,70.426,40.796,7.450,35,6873
137.657,72.208,40.796,7.450,34,6873
138.016,74.068,40.796,7.450,35,6862
138.382,75.983,40.796,7.450,35,6862
138.746,72.964,40.796,7.450,35,6857
139.106,74.021,40.796,7.450,34,6857
139.466,73.808,40.796,7.450,35,6857
139.828,73.919,40.796,7.450,35,6857
140.190,74.992,40.796,7.450,36,6857
140.554,54.667,39.626,1.256,21,1159
140.868,2.955,37.090,1.256,21,1159
141.179,3.135,34.554,1.256,9,1159
141.496,2.926,31.980,1.256,10,1142
141.810,3.115,29.458,1.256,10,1139
142.125,3.101,26.950,1.166,9,1151
142.439,2.949,24.528,1.166,9,1151
142.751,2.503,21.961,1.166,10,1151
143.093,3.004,19.290,1.166,10,1153
143.406,3.123,16.792,0.935,10,1153
143.720,3.104,14.333,0.935,9,1165
144.035,3.101,11.922,0.935,15,1168
144.351,3.093,9.444,0.935,15,1166
144.667,3.083,6.847,0.935,10,1166
145.006,3.170,4.280,0.935,10,1166
145.331,3.159,1.704,0.935,10,1166
