run,token_index,context_tokens,decode_ms,sampling_ms,loop_ms
0,0,239,67.3151,1.5407,68.8558
0,1,240,71.6589,1.3603,73.0192
0,2,241,67.4743,2.1695,69.6438
0,3,242,65.9637,1.514,67.4777
0,4,243,67.6711,1.4323,69.1034
0,5,244,71.966,2.6745,74.6405
0,6,245,64.7013,2.2643,66.9656
0,7,246,65.1007,1.5866,66.6873
0,8,247,67.7057,1.3462,69.0519
0,9,248,67.25,1.9988,69.2488
0,10,249,62.8686,1.6882,64.5568
0,11,250,71.8145,2.3196,74.1341
0,12,251,68.122,1.2706,69.3926
0,13,252,67.0198,2.4025,69.4223
0,14,253,67.055,1.6032,68.6582
0,15,254,70.0107,1.32,71.3307
0,16,255,66.4785,1.4577,67.9362
0,17,256,67.7791,2.1743,69.9534
0,18,257,106.356,1.4573,107.814
0,19,258,97.5723,1.4008,98.9731
0,20,259,72.3668,1.3428,73.7096
0,21,260,64.7123,1.5584,66.2707
0,22,261,67.9402,1.8402,69.7804
0,23,262,70.9253,2.4687,73.394
0,24,263,69.2064,2.0341,71.2405
0,25,264,68.099,1.8355,69.9345
0,26,265,68.4506,1.3565,69.8071
0,27,266,65.7706,1.3759,67.1465
0,28,267,63.216,1.8707,65.0867
0,29,268,66.4321,1.7999,68.232
0,30,269,67.311,1.2893,68.6003
0,31,270,71.0058,1.5701,72.5759
0,32,271,64.731,1.3201,66.0511
0,33,272,64.6465,1.7051,66.3516
0,34,273,67.3615,1.3598,68.7213
0,35,274,66.7708,1.5872,68.358
0,36,275,70.9421,1.5522,72.4943
0,37,276,77.3814,1.2684,78.6498
0,38,277,63.3871,1.5418,64.9289
0,39,278,66.5557,1.5723,68.128
0,40,279,70.2665,1.7013,71.9678
0,41,280,70.0037,1.5877,71.5914
0,42,281,67.3574,1.4318,68.7892
0,43,282,66.7269,1.7975,68.5244
0,44,283,66.2047,1.6852,67.8899
0,45,284,62.3124,2.3065,64.6189
0,46,285,64.3298,1.6732,66.003
0,47,286,67.9641,1.4768,69.4409
0,48,287,70.9671,1.4439,72.411
0,49,288,67.2239,1.4814,68.7053
0,50,289,74.8215,1.8568,76.6783
0,51,290,69.6154,1.3903,71.0057
0,52,291,63.9775,1.6901,65.6676
0,53,292,64.1454,2.0505,66.1959
0,54,293,71.6979,1.5752,73.2731
0,55,294,66.4716,1.4744,67.946
0,56,295,68.7581,1.9719,70.73
0,57,296,67.3144,1.6964,69.0108
0,58,297,67.4367,1.3386,68.7753
0,59,298,64.0841,1.6303,65.7144
0,60,299,69.3414,1.6949,71.0363
0,61,300,63.7015,1.708,65.4095
0,62,301,64.2173,1.5371,65.7544
0,63,302,66.4463,1.5296,67.9759
0,64,303,64.4438,1.5393,65.9831
0,65,304,63.7954,1.5549,65.3503
0,66,305,68.5117,1.5107,70.0224
0,67,306,66.9399,1.7298,68.6697
0,68,307,69.4162,2.2981,71.7143
0,69,308,66.1937,1.5585,67.7522
0,70,309,61.4028,1.6284,63.0312
0,71,310,64.5058,1.4734,65.9792
0,72,311,76.2073,1.2369,77.4442
0,73,312,62.3157,1.7841,64.0998
0,74,313,64.2959,1.3829,65.6788
0,75,314,69.0665,2.1583,71.2248
0,76,315,67.4869,1.8306,69.3175
0,77,316,67.0792,1.1999,68.2791
0,78,317,66.1323,1.5325,67.6648
0,79,318,64.7305,1.5675,66.298
0,80,319,73.1614,1.9693,75.1307
0,81,320,63.8402,1.5031,65.3433
0,82,321,65.8843,1.8299,67.7142
0,83,322,64.3693,2.4194,66.7887
0,84,323,66.1069,1.5196,67.6265
0,85,324,66.2256,1.4437,67.6693
0,86,325,74.5174,1.5031,76.0205
0,87,326,72.5828,1.2263,73.8091
0,88,327,68.0575,2.4315,70.489
0,89,328,64.9857,2.5384,67.5241
0,90,329,66.1665,1.7019,67.8684
0,91,330,61.5587,1.5298,63.0885
0,92,331,62.2338,1.3183,63.5521
0,93,332,64.4594,1.4162,65.8756
0,94,333,63.3097,2.3146,65.6243
0,95,334,65.2286,1.9405,67.1691
0,96,335,64.592,2.0312,66.6232
0,97,336,63.3244,1.7225,65.0469
0,98,337,66.6284,1.903,68.5314
0,99,338,64.88,1.728,66.608
0,100,339,62.3677,1.2743,63.642
0,101,340,69.048,1.4104,70.4584
0,102,341,74.6286,2.0575,76.6861
0,103,342,72.1576,1.7164,73.874
0,104,343,66.2049,1.6264,67.8313
0,105,344,67.3596,2.1744,69.534
0,106,345,63.112,1.7394,64.8514
0,107,346,61.7869,1.3552,63.1421
0,108,347,67.8938,1.2934,69.1872
0,109,348,65.7999,1.5824,67.3823
0,110,349,60.4403,1.5741,62.0144
0,111,350,69.3175,1.5134,70.8309
0,112,351,62.7459,1.701,64.4469
0,113,352,68.925,2.4661,71.3911
0,114,353,71.1328,1.5341,72.6669
0,115,354,66.5352,1.4352,67.9704
0,116,355,69.7495,1.5143,71.2638
0,117,356,62.7449,1.663,64.4079
0,118,357,72.4988,1.4849,73.9837
0,119,358,64.5288,2.3318,66.8606
0,120,359,66.0151,1.5144,67.5295
0,121,360,63.5668,2.1895,65.7563
0,122,361,62.9072,1.4967,64.4039
0,123,362,65.1097,1.5533,66.663
0,124,363,63.738,1.6522,65.3902
0,125,364,69.0987,1.552,70.6507
0,126,365,66.7787,1.7047,68.4834
0,127,366,63.0201,1.3897,64.4098
0,128,367,64.3464,1.3491,65.6955
0,129,368,66.2497,1.3957,67.6454
0,130,369,63.4835,2.385,65.8685
0,131,370,66.0911,1.3059,67.397
0,132,371,65.3357,1.5375,66.8732
0,133,372,63.9557,2.0468,66.0025
0,134,373,69.8269,1.8545,71.6814
0,135,374,66.0869,1.509,67.5959
0,136,375,64.2705,1.6054,65.8759
0,137,376,64.6914,1.507,66.1984
0,138,377,62.82,1.3603,64.1803
0,139,378,63.0706,1.6182,64.6888
0,140,379,63.4909,2.4975,65.9884
0,141,380,63.1372,1.5156,64.6528
0,142,381,62.884,1.5431,64.4271
0,143,382,64.0327,1.5284,65.5611
0,144,383,68.3946,1.5333,69.9279
0,145,384,62.9785,1.96,64.9385
0,146,385,67.8539,2.443,70.2969
0,147,386,62.6474,1.7797,64.4271
0,148,387,66.863,2.3036,69.1666
0,149,388,74.8346,2.0313,76.8659
0,150,389,68.5863,1.5889,70.1752
0,151,390,64.248,1.6288,65.8768
0,152,391,63.3834,1.5404,64.9238
0,153,392,65.7477,1.4523,67.2
0,154,393,71.0397,1.254,72.2937
0,155,394,66.9475,1.5185,68.466
0,156,395,63.4983,1.516,65.0143
0,157,396,62.4916,2.4122,64.9038
0,158,397,63.5198,1.5036,65.0234
0,159,398,62.7394,1.525,64.2644
0,160,399,63.3039,1.9702,65.2741
0,161,400,63.4612,1.8189,65.2801
0,162,401,61.8194,1.3626,63.182
0,163,402,70.9324,1.5113,72.4437
0,164,403,64.7238,1.5637,66.2875
0,165,404,63.9351,1.7051,65.6402
0,166,405,68.458,1.5545,70.0125
0,167,406,63.2898,1.5856,64.8754
0,168,407,65.1637,1.43,66.5937
0,169,408,72.1771,1.635,73.8121
0,170,409,64.4049,1.5833,65.9882
0,171,410,67.8982,1.8701,69.7683
0,172,411,67.8887,1.3145,69.2032
0,173,412,71.3741,1.5787,72.9528
0,174,413,67.0079,2.3014,69.3093
0,175,414,70.0649,1.8972,71.9621
0,176,415,64.7082,1.7056,66.4138
0,177,416,67.3287,1.5281,68.8568
0,178,417,68.7303,1.3183,70.0486
0,179,418,74.9417,1.4736,76.4153
0,180,419,71.2805,1.867,73.1475
0,181,420,71.1945,1.9861,73.1806
0,182,421,64.7934,2.3458,67.1392
0,183,422,67.1725,1.5747,68.7472
0,184,423,66.829,1.6744,68.5034
0,185,424,86.4289,2.3516,88.7805
0,186,425,85.3595,1.6864,87.0459
0,187,426,72.2906,2.1065,74.3971
0,188,427,66.8847,1.4532,68.3379
0,189,428,69.3052,1.5086,70.8138
0,190,429,63.1471,1.2629,64.41
0,191,430,64.8639,1.3039,66.1678
0,192,431,72.1448,2.509,74.6538
0,193,432,69.499,2.0707,71.5697
0,194,433,69.0716,1.2747,70.3463
0,195,434,77.1749,1.4912,78.6661
0,196,435,74.4143,1.5353,75.9496
0,197,436,71.5149,1.6472,73.1621
0,198,437,68.0104,1.657,69.6674
0,199,438,66.2965,1.2896,67.5861
0,200,439,67.0977,1.5158,68.6135
0,201,440,65.0902,1.6397,66.7299
0,202,441,66.7241,1.4895,68.2136
0,203,442,67.8935,1.2568,69.1503
0,204,443,65.7206,1.5923,67.3129
0,205,444,64.6467,1.4656,66.1123
0,206,445,66.5289,1.54,68.0689
0,207,446,66.8719,2.1711,69.043
0,208,447,66.0401,1.5324,67.5725
0,209,448,68.9161,1.8789,70.795
0,210,449,67.9812,1.6512,69.6324
0,211,450,65.4238,1.609,67.0328
0,212,451,69.8684,1.5298,71.3982
0,213,452,61.7373,1.9734,63.7107
0,214,453,63.9376,1.4977,65.4353
0,215,454,67.6832,1.5184,69.2016
0,216,455,71.2516,1.5157,72.7673
0,217,456,66.3569,1.5796,67.9365
0,218,457,71.3104,1.6426,72.953
0,219,458,66.7374,1.8692,68.6066
0,220,459,62.1232,1.6349,63.7581
0,221,460,62.9912,1.517,64.5082
0,222,461,62.8669,1.4943,64.3612
0,223,462,66.8335,1.308,68.1415
0,224,463,62.8172,1.8231,64.6403
0,225,464,65.2048,1.3661,66.5709
0,226,465,67.9958,1.5171,69.5129
0,227,466,62.6129,1.3296,63.9425
0,228,467,62.7946,1.3589,64.1535
0,229,468,69.6243,1.7296,71.3539
0,230,469,68.7752,1.2718,70.047
0,231,470,66.8831,1.8042,68.6873
0,232,471,69.6909,2.4019,72.0928
0,233,472,67.4683,1.2838,68.7521
0,234,473,67.8252,2.1084,69.9336
0,235,474,65.1604,1.8586,67.019
0,236,475,64.3544,1.8485,66.2029
0,237,476,66.6986,1.4477,68.1463
0,238,477,64.9681,1.5096,66.4777
0,239,478,68.3849,2.205,70.5899
0,240,479,70.2567,2.1391,72.3958
0,241,480,74.0889,1.3548,75.4437
0,242,481,68.2853,1.8932,70.1785
0,243,482,73.2485,1.4957,74.7442
0,244,483,70.7928,1.7226,72.5154
0,245,484,67.0336,1.5462,68.5798
0,246,485,78.4854,1.5528,80.0382
0,247,486,64.5795,1.4325,66.012
0,248,487,65.9368,1.5057,67.4425
0,249,488,64.3232,1.4424,65.7656
0,250,489,70.2142,1.4446,71.6588
0,251,490,68.6739,2.5322,71.2061
0,252,491,67.2504,1.4567,68.7071
0,253,492,68.2196,1.8827,70.1023
0,254,493,72.2599,1.5372,73.7971
0,255,494,70.9003,1.5839,72.4842
0,256,495,66.9861,1.5187,68.5048
0,257,496,65.1944,1.3597,66.5541
0,258,497,66.4619,2.1248,68.5867
0,259,498,65.2881,1.4678,66.7559
0,260,499,71.3639,1.4221,72.786
0,261,500,67.0603,1.6064,68.6667
0,262,501,61.6309,2.1554,63.7863
0,263,502,70.8102,2.1375,72.9477
0,264,503,73.2469,1.7202,74.9671
0,265,504,73.7736,1.5586,75.3322
0,266,505,71.9577,1.3385,73.2962
0,267,506,78.0199,1.705,79.7249
0,268,507,74.5191,1.6773,76.1964
0,269,508,72.3528,2.0455,74.3983
0,270,509,68.7405,1.4141,70.1546
0,271,510,67.2637,1.9539,69.2176
0,272,511,65.2629,1.8432,67.1061
0,273,512,60.8385,1.4429,62.2814
0,274,513,100.586,1.5413,102.127
0,275,514,96.3998,1.4608,97.8606
0,276,515,68.3979,2.0359,70.4338
0,277,516,61.6505,1.4897,63.1402
0,278,517,69.3249,1.5242,70.8491
0,279,518,68.2133,1.5301,69.7434
0,280,519,68.3947,1.7106,70.1053
0,281,520,68.9398,1.3402,70.28
0,282,521,66.8566,1.2225,68.0791
0,283,522,71.9744,1.3735,73.3479
0,284,523,65.3377,1.6596,66.9973
0,285,524,68.3584,2.2644,70.6228
0,286,525,72.0388,1.4769,73.5157
0,287,526,65.7864,1.5642,67.3506
0,288,527,64.2217,1.4553,65.677
0,289,528,66.5639,1.4925,68.0564
0,290,529,63.4603,1.4286,64.8889
0,291,530,64.1112,1.5224,65.6336
0,292,531,66.9135,1.5832,68.4967
0,293,532,63.4257,1.3547,64.7804
0,294,533,67.6311,1.6203,69.2514
0,295,534,64.5151,1.6211,66.1362
0,296,535,64.4314,1.4406,65.872
0,297,536,67.4249,2.1227,69.5476
0,298,537,61.4293,1.4318,62.8611
0,299,538,64.2463,1.5127,65.759
0,300,539,64.7284,1.6363,66.3647
0,301,540,71.6655,1.3005,72.966
0,302,541,63.6658,2.1301,65.7959
0,303,542,65.5121,1.5556,67.0677
0,304,543,68.2762,1.5109,69.7871
0,305,544,66.7279,2.3895,69.1174
0,306,545,63.6405,2.3633,66.0038
0,307,546,66.5477,1.3929,67.9406
0,308,547,62.8359,2.417,65.2529
0,309,548,63.2976,1.5774,64.875
0,310,549,63.1853,1.4358,64.6211
0,311,550,67.53,1.4181,68.9481
0,312,551,66.4633,2.3503,68.8136
0,313,552,66.8902,1.4451,68.3353
0,314,553,65.0213,1.2406,66.2619
0,315,554,63.665,1.891,65.556
0,316,555,68.3346,1.8262,70.1608
0,317,556,66.071,1.6341,67.7051
0,318,557,64.6131,2.3056,66.9187
0,319,558,68.4286,1.5759,70.0045
0,320,559,68.0285,1.3034,69.3319
0,321,560,66.7405,1.4767,68.2172
0,322,561,72.0906,1.5567,73.6473
0,323,562,65.2035,1.8858,67.0893
0,324,563,65.114,1.5201,66.6341
0,325,564,64.2704,1.376,65.6464
0,326,565,68.7726,1.3215,70.0941
0,327,566,65.835,1.7874,67.6224
0,328,567,66.8593,1.7386,68.5979
0,329,568,69.0643,1.2328,70.2971
0,330,569,68.6339,2.2818,70.9157
0,331,570,68.6177,2.2122,70.8299
0,332,571,68.1696,1.3238,69.4934
0,333,572,66.3403,1.6728,68.0131
0,334,573,65.3607,1.3225,66.6832
0,335,574,65.6325,1.5832,67.2157
0,336,575,67.3199,1.6265,68.9464
0,337,576,66.595,1.28,67.875
0,338,577,65.3496,1.4879,66.8375
0,339,578,62.0501,1.943,63.9931
0,340,579,67.4132,1.4464,68.8596
0,341,580,68.159,2.3302,70.4892
0,342,581,65.3347,2.2298,67.5645
0,343,582,63.9789,2.0195,65.9984
0,344,583,64.2721,2.1445,66.4166
0,345,584,63.4663,1.2697,64.736
0,346,585,62.6584,1.7465,64.4049
0,347,586,71.2443,1.3285,72.5728
0,348,587,65.0162,1.6319,66.6481
0,349,588,67.5385,2.4259,69.9644
0,350,589,70.6047,2.0277,72.6324
0,351,590,67.8304,1.6576,69.488
0,352,591,72.7307,1.8246,74.5553
0,353,592,67.7113,1.7088,69.4201
0,354,593,69.6965,1.2603,70.9568
0,355,594,68.0878,1.4343,69.5221
0,356,595,65.5455,2.2968,67.8423
0,357,596,68.3309,1.527,69.8579
0,358,597,66.7445,2.0956,68.8401
0,359,598,70.903,1.9554,72.8584
0,360,599,68.2022,1.497,69.6992
0,361,600,67.0898,2.0029,69.0927
0,362,601,69.4544,2.0764,71.5308
0,363,602,67.8689,1.5609,69.4298
0,364,603,73.9223,2.1198,76.0421
0,365,604,66.2769,1.4483,67.7252
0,366,605,66.0568,1.569,67.6258
0,367,606,63.3956,1.3697,64.7653
0,368,607,66.0242,1.5676,67.5918
0,369,608,65.7919,1.5909,67.3828
0,370,609,64.9963,1.6043,66.6006
0,371,610,63.3338,1.5649,64.8987
0,372,611,63.9363,2.1543,66.0906
0,373,612,63.9807,2.402,66.3827
0,374,613,65.7768,1.9302,67.707
0,375,614,67.2126,1.9086,69.1212
0,376,615,68.7505,1.2401,69.9906
0,377,616,69.6748,1.3513,71.0261
0,378,617,67.5828,1.6685,69.2513
0,379,618,64.8407,1.5969,66.4376
0,380,619,68.0828,2.3385,70.4213
0,381,620,66.5269,1.4685,67.9954
0,382,621,64.7025,1.5775,66.28
0,383,622,65.2971,1.4813,66.7784
0,384,623,72.6149,1.3349,73.9498
0,385,624,71.194,1.3329,72.5269
0,386,625,65.5999,2.3196,67.9195
0,387,626,64.7748,2.578,67.3528
0,388,627,65.8995,1.5197,67.4192
0,389,628,66.0557,1.3262,67.3819
0,390,629,64.799,1.6539,66.4529
0,391,630,64.7995,1.6822,66.4817
0,392,631,67.198,1.6063,68.8043
0,393,632,71.5009,2.1156,73.6165
0,394,633,62.1878,1.5077,63.6955
0,395,634,66.1824,1.5252,67.7076
0,396,635,69.1144,1.5242,70.6386
0,397,636,64.5256,1.5263,66.0519
0,398,637,66.1726,1.2867,67.4593
0,399,638,64.2123,1.4619,65.6742
0,400,639,66.1446,1.4703,67.6149
0,401,640,63.0802,1.6169,64.6971
0,402,641,73.8053,1.7779,75.5832
0,403,642,77.0285,2.4422,79.4707
0,404,643,68.0628,1.6254,69.6882
0,405,644,62.2398,2.3695,64.6093
0,406,645,64.8721,2.086,66.9581
0,407,646,64.5604,1.937,66.4974
0,408,647,70.5288,1.5143,72.0431
0,409,648,64.0125,1.6788,65.6913
0,410,649,68.618,1.5554,70.1734
0,411,650,65.4221,1.6736,67.0957
0,412,651,66.6308,1.7943,68.4251
0,413,652,67.6871,1.468,69.1551
0,414,653,65.5189,1.8005,67.3194
0,415,654,65.1396,1.6308,66.7704
0,416,655,68.4405,1.575,70.0155
0,417,656,63.1339,2.4892,65.6231
0,418,657,61.0728,1.5033,62.5761
0,419,658,62.7146,2.2033,64.9179
0,420,659,64.1994,1.8881,66.0875
0,421,660,64.5545,1.9828,66.5373
0,422,661,63.3741,1.5179,64.892
0,423,662,66.6996,2.1035,68.8031
0,424,663,73.4604,1.2833,74.7437
0,425,664,65.7603,1.5521,67.3124
0,426,665,64.9275,1.5681,66.4956
0,427,666,67.5876,1.8642,69.4518
0,428,667,62.4233,1.6166,64.0399
0,429,668,66.4795,2.2392,68.7187
0,430,669,66.6208,1.5731,68.1939
0,431,670,64.7943,1.7513,66.5456
0,432,671,68.4074,2.1012,70.5086
0,433,672,63.6106,1.5171,65.1277
0,434,673,66.7284,2.129,68.8574
0,435,674,67.6545,1.5982,69.2527
0,436,675,68.3267,1.953,70.2797
0,437,676,71.7427,1.288,73.0307
0,438,677,66.7785,1.365,68.1435
0,439,678,75.9669,1.5325,77.4994
0,440,679,71.4296,1.5095,72.9391
0,441,680,70.9951,1.7188,72.7139
0,442,681,67.6884,1.6112,69.2996
0,443,682,67.0453,1.6518,68.6971
0,444,683,69.3838,1.4777,70.8615
0,445,684,68.4466,1.6753,70.1219
0,446,685,68.3015,1.355,69.6565
0,447,686,68.2809,2.1676,70.4485
0,448,687,67.1605,1.489,68.6495
0,449,688,67.4813,1.7236,69.2049
0,450,689,64.3047,1.9281,66.2328
0,451,690,68.9583,1.8396,70.7979
0,452,691,74.0135,1.6173,75.6308
0,453,692,64.111,1.8641,65.9751
0,454,693,72.6142,1.6997,74.3139
0,455,694,66.8826,2.0678,68.9504
0,456,695,66.0139,1.5236,67.5375
0,457,696,71.01,1.5589,72.5689
0,458,697,68.5358,2.1967,70.7325
0,459,698,65.3433,1.9031,67.2464
0,460,699,64.1251,2.1011,66.2262
0,461,700,67.6817,1.3736,69.0553
0,462,701,64.7817,1.2409,66.0226
0,463,702,69.9608,1.5368,71.4976
0,464,703,63.5407,2.0414,65.5821
0,465,704,62.1934,1.568,63.7614
0,466,705,61.0717,1.5503,62.622
0,467,706,65.0533,1.5023,66.5556
0,468,707,67.599,1.5033,69.1023
0,469,708,67.2017,1.3277,68.5294
0,470,709,64.9185,1.4643,66.3828
0,471,710,62.9279,1.5128,64.4407
0,472,711,66.4159,1.4821,67.898
0,473,712,67.0919,1.8842,68.9761
0,474,713,66.2384,1.8537,68.0921
0,475,714,64.0395,2.1429,66.1824
0,476,715,66.245,1.3157,67.5607
0,477,716,62.4049,1.3425,63.7474
0,478,717,66.7352,1.9923,68.7275
0,479,718,63.6608,1.6702,65.331
0,480,719,61.776,1.5101,63.2861
0,481,720,67.651,1.5969,69.2479
0,482,721,65.7098,1.5246,67.2344
0,483,722,66.8499,1.2945,68.1444
0,484,723,64.7736,2.0965,66.8701
0,485,724,71.5033,1.7215,73.2248
0,486,725,63.6907,2.3105,66.0012
0,487,726,65.965,1.4485,67.4135
0,488,727,67.4672,1.7214,69.1886
0,489,728,66.3454,2.0772,68.4226
0,490,729,66.125,1.3276,67.4526
0,491,730,63.8633,2.1165,65.9798
0,492,731,65.2041,1.2875,66.4916
0,493,732,63.1498,1.671,64.8208
0,494,733,62.7598,1.5372,64.297
0,495,734,71.0659,1.6566,72.7225
0,496,735,67.4441,1.4251,68.8692
0,497,736,64.0617,1.6472,65.7089
0,498,737,64.4899,1.4597,65.9496
0,499,738,66.0102,1.517,67.5272
1,0,239,61.8197,1.3955,63.2152
1,1,240,61.7191,2.0761,63.7952
1,2,241,60.3942,2.1916,62.5858
1,3,242,60.3856,1.5061,61.8917
1,4,243,61.6632,1.6055,63.2687
1,5,244,61.6314,1.3978,63.0292
1,6,245,63.4901,1.3698,64.8599
1,7,246,62.6448,1.3148,63.9596
1,8,247,60.9341,1.7529,62.687
1,9,248,61.1066,1.919,63.0256
1,10,249,62.0814,1.4893,63.5707
1,11,250,62.7472,1.9204,64.6676
1,12,251,63.0375,1.7209,64.7584
1,13,252,61.6773,2.0043,63.6816
1,14,253,61.331,1.6291,62.9601
1,15,254,62.2425,1.9437,64.1862
1,16,255,60.796,1.5052,62.3012
1,17,256,62.8113,2.2107,65.022
1,18,257,99.5536,1.2203,100.774
1,19,258,89.349,1.7287,91.0777
1,20,259,61.4567,1.9966,63.4533
1,21,260,65.1218,1.9909,67.1127
1,22,261,61.9635,1.5649,63.5284
1,23,262,63.0094,1.5902,64.5996
1,24,263,62.793,1.6915,64.4845
1,25,264,64.0327,1.406,65.4387
1,26,265,61.8216,2.4952,64.3168
1,27,266,64.474,2.1935,66.6675
1,28,267,63.7344,2.5117,66.2461
1,29,268,65.3009,2.3623,67.6632
1,30,269,63.9568,2.5826,66.5394
1,31,270,62.256,1.638,63.894
1,32,271,68.1423,1.4271,69.5694
1,33,272,61.7404,1.5316,63.272
1,34,273,61.3388,2.1318,63.4706
1,35,274,61.9984,1.6219,63.6203
1,36,275,62.2905,2.0179,64.3084
1,37,276,63.142,1.4865,64.6285
1,38,277,61.5166,2.0885,63.6051
1,39,278,60.9489,1.2331,62.182
1,40,279,61.3132,1.3053,62.6185
1,41,280,61.0253,2.2163,63.2416
1,42,281,59.6168,2.0792,61.696
1,43,282,61.4477,1.3555,62.8032
1,44,283,61.3837,2.4913,63.875
1,45,284,65.3589,1.9327,67.2916
1,46,285,63.3515,2.0495,65.401
1,47,286,64.2424,1.4879,65.7303
1,48,287,62.7507,1.5799,64.3306
1,49,288,64.8649,1.5527,66.4176
1,50,289,62.5465,1.3696,63.9161
1,51,290,64.9352,1.5701,66.5053
1,52,291,63.6271,1.6628,65.2899
1,53,292,66.7812,1.554,68.3352
1,54,293,66.075,2.0092,68.0842
1,55,294,64.5852,2.4028,66.988
1,56,295,65.1964,1.3608,66.5572
1,57,296,67.7245,1.5728,69.2973
1,58,297,63.819,1.5325,65.3515
1,59,298,62.9778,2.1597,65.1375
1,60,299,63.7724,1.4187,65.1911
1,61,300,64.2073,1.7332,65.9405
1,62,301,64.9977,1.5767,66.5744
1,63,302,63.4952,1.5493,65.0445
1,64,303,63.6314,1.9341,65.5655
1,65,304,66.6397,1.2805,67.9202
1,66,305,63.8561,1.9915,65.8476
1,67,306,65.052,1.9587,67.0107
1,68,307,63.6667,2.2286,65.8953
1,69,308,67.4757,1.3617,68.8374
1,70,309,66.0206,1.4931,67.5137
1,71,310,65.0683,1.4597,66.528
1,72,311,64.911,1.5561,66.4671
1,73,312,63.8149,1.6512,65.4661
1,74,313,63.4055,1.5989,65.0044
1,75,314,64.2768,2.3397,66.6165
1,76,315,65.5003,1.6403,67.1406
1,77,316,67.2236,1.3961,68.6197
1,78,317,69.3163,1.5008,70.8171
1,79,318,79.7721,1.9404,81.7125
1,80,319,65.7928,1.5072,67.3
1,81,320,60.9624,1.2633,62.2257
1,82,321,60.4557,1.4094,61.8651
1,83,322,61.533,2.0267,63.5597
1,84,323,65.2404,1.5108,66.7512
1,85,324,64.8756,1.9372,66.8128
1,86,325,61.9201,1.6325,63.5526
1,87,326,61.4579,2.0447,63.5026
1,88,327,60.4569,1.8057,62.2626
1,89,328,60.7337,1.4461,62.1798
1,90,329,61.4951,1.2948,62.7899
1,91,330,60.6225,1.9529,62.5754
1,92,331,60.332,2.1075,62.4395
1,93,332,60.7594,1.5102,62.2696
1,94,333,64.3137,1.5464,65.8601
1,95,334,62.1614,1.4673,63.6287
1,96,335,62.2302,1.3576,63.5878
1,97,336,60.1521,1.5506,61.7027
1,98,337,60.9751,1.7056,62.6807
1,99,338,61.27,2.0507,63.3207
1,100,339,60.1306,1.6133,61.7439
1,101,340,63.0523,1.5786,64.6309
1,102,341,63.7363,1.6418,65.3781
1,103,342,61.5061,1.5722,63.0783
1,104,343,59.1985,1.4727,60.6712
1,105,344,62.2172,1.61,63.8272
1,106,345,62.3063,1.6029,63.9092
1,107,346,60.918,2.4587,63.3767
1,108,347,60.6958,1.4363,62.1321
1,109,348,61.5769,1.4475,63.0244
1,110,349,61.363,1.5054,62.8684
1,111,350,61.8937,1.6383,63.532
1,112,351,63.165,1.3789,64.5439
1,113,352,61.2256,1.4554,62.681
1,114,353,63.7268,1.6719,65.3987
1,115,354,62.345,1.3037,63.6487
1,116,355,62.5931,1.3305,63.9236
1,117,356,64.8258,1.3842,66.21
1,118,357,73.2276,1.5632,74.7908
1,119,358,61.856,1.9852,63.8412
1,120,359,61.0714,1.5452,62.6166
1,121,360,66.5391,1.7417,68.2808
1,122,361,60.936,2.515,63.451
1,123,362,62.3336,1.8689,64.2025
1,124,363,61.4357,2.6155,64.0512
1,125,364,64.087,2.3976,66.4846
1,126,365,61.1156,1.2378,62.3534
1,127,366,61.7136,1.5779,63.2915
1,128,367,62.4432,1.5358,63.979
1,129,368,61.6912,1.7178,63.409
1,130,369,61.7848,2.2368,64.0216
1,131,370,61.4259,1.3018,62.7277
1,132,371,61.6895,1.9412,63.6307
1,133,372,60.5056,1.4994,62.005
1,134,373,63.3517,1.6152,64.9669
1,135,374,62.2321,1.5742,63.8063
1,136,375,60.8734,1.6889,62.5623
1,137,376,65.0937,1.6711,66.7648
1,138,377,61.5427,2.0263,63.569
1,139,378,61.962,1.8278,63.7898
1,140,379,63.4147,1.5252,64.9399
1,141,380,63.908,1.3877,65.2957
1,142,381,63.7861,1.4825,65.2686
1,143,382,60.7199,2.6419,63.3618
1,144,383,61.1233,1.4717,62.595
1,145,384,61.6236,1.9886,63.6122
1,146,385,63.6535,1.8208,65.4743
1,147,386,62.7848,1.4254,64.2102
1,148,387,62.1045,1.5703,63.6748
1,149,388,61.3434,1.9616,63.305
1,150,389,63.5989,1.7432,65.3421
1,151,390,64.2561,1.4533,65.7094
1,152,391,63.6917,1.4539,65.1456
1,153,392,59.7677,1.4532,61.2209
1,154,393,63.2025,1.5308,64.7333
1,155,394,60.0945,1.6016,61.6961
1,156,395,61.5574,1.5789,63.1363
1,157,396,62.1242,1.6363,63.7605
1,158,397,62.3069,1.6952,64.0021
1,159,398,62.1858,1.7571,63.9429
1,160,399,60.5633,1.5545,62.1178
1,161,400,61.4725,1.3439,62.8164
1,162,401,63.0537,1.64,64.6937
1,163,402,61.1797,1.626,62.8057
1,164,403,61.461,2.0004,63.4614
1,165,404,62.5684,1.3458,63.9142
1,166,405,61.0335,1.6882,62.7217
1,167,406,61.3783,1.4574,62.8357
1,168,407,69.4952,2.5247,72.0199
1,169,408,61.1083,1.233,62.3413
1,170,409,60.281,1.4551,61.7361
1,171,410,60.344,1.7054,62.0494
1,172,411,61.7095,2.3043,64.0138
1,173,412,60.672,1.4601,62.1321
1,174,413,62.5012,2.2353,64.7365
1,175,414,61.0744,1.7647,62.8391
1,176,415,61.8737,1.7986,63.6723
1,177,416,58.3304,1.6467,59.9771
1,178,417,61.8963,2.0214,63.9177
1,179,418,60.1865,1.4024,61.5889
1,180,419,62.2991,1.6823,63.9814
1,181,420,61.6808,1.7907,63.4715
1,182,421,61.3456,1.4813,62.8269
1,183,422,62.3917,2.1789,64.5706
1,184,423,62.6456,1.3579,64.0035
1,185,424,63.8837,1.4812,65.3649
1,186,425,61.5576,1.2966,62.8542
1,187,426,61.6357,1.9014,63.5371
1,188,427,60.8796,1.464,62.3436
1,189,428,61.8526,1.6288,63.4814
1,190,429,62.4801,1.5481,64.0282
1,191,430,61.0295,1.6771,62.7066
1,192,431,62.1837,2.1661,64.3498
1,193,432,61.5155,1.4886,63.0041
1,194,433,61.0297,2.2935,63.3232
1,195,434,61.5454,1.5839,63.1293
1,196,435,61.0417,1.3701,62.4118
1,197,436,61.0723,1.5788,62.6511
1,198,437,61.2896,1.4994,62.789
1,199,438,61.7424,1.5882,63.3306
1,200,439,62.3479,1.7312,64.0791
1,201,440,65.6619,1.5198,67.1817
1,202,441,62.0212,1.2816,63.3028
1,203,442,61.5612,2.5334,64.0946
1,204,443,60.5118,1.5024,62.0142
1,205,444,60.2872,1.2303,61.5175
1,206,445,63.8183,1.5433,65.3616
1,207,446,75.6716,2.2045,77.8761
1,208,447,69.3988,2.0099,71.4087
1,209,448,65.9052,1.5614,67.4666
1,210,449,61.5236,1.5035,63.0271
1,211,450,62.9913,2.3357,65.327
1,212,451,62.6701,1.6758,64.3459
1,213,452,61.808,1.5019,63.3099
1,214,453,61.3532,1.6549,63.0081
1,215,454,61.6588,1.9536,63.6124
1,216,455,60.8463,1.545,62.3913
1,217,456,66.231,1.3293,67.5603
1,218,457,69.5301,1.6074,71.1375
1,219,458,75.5468,2.2965,77.8433
1,220,459,67.5509,1.3184,68.8693
1,221,460,62.2185,1.6296,63.8481
1,222,461,60.8378,1.457,62.2948
1,223,462,60.805,1.7047,62.5097
1,224,463,61.9326,1.6655,63.5981
1,225,464,60.6661,1.5113,62.1774
1,226,465,61.3061,1.5289,62.835
1,227,466,61.7687,1.9032,63.6719
1,228,467,61.7624,1.5256,63.288
1,229,468,62.0914,2.0947,64.1861
1,230,469,62.4478,1.7309,64.1787
1,231,470,61.2674,2.3484,63.6158
1,232,471,58.6152,2.1934,60.8086
1,233,472,62.2788,1.3034,63.5822
1,234,473,63.8906,1.6637,65.5543
1,235,474,62.0302,1.5537,63.5839
1,236,475,59.6811,1.9823,61.6634
1,237,476,62.7595,1.2534,64.0129
1,238,477,59.732,1.4227,61.1547
1,239,478,60.6121,1.6155,62.2276
1,240,479,61.4784,2.521,63.9994
1,241,480,61.8731,1.7128,63.5859
1,242,481,60.9208,2.2259,63.1467
1,243,482,61.6216,1.383,63.0046
1,244,483,59.9853,1.6067,61.592
1,245,484,60.0963,1.446,61.5423
1,246,485,62.8286,1.7881,64.6167
1,247,486,62.1072,1.6339,63.7411
1,248,487,60.7647,1.4983,62.263
1,249,488,61.0339,2.1932,63.2271
1,250,489,65.4225,1.5836,67.0061
1,251,490,61.1588,1.4454,62.6042
1,252,491,61.0909,1.6285,62.7194
1,253,492,60.2458,2.0405,62.2863
1,254,493,60.7884,1.3816,62.17
1,255,494,60.6954,1.5033,62.1987
1,256,495,61.4096,2.0917,63.5013
1,257,496,61.3443,1.3198,62.6641
1,258,497,61.5371,1.2576,62.7947
1,259,498,60.9718,1.4706,62.4424
1,260,499,59.818,1.5927,61.4107
1,261,500,58.0083,1.4649,59.4732
1,262,501,61.3856,1.5824,62.968
1,263,502,61.0023,1.3138,62.3161
1,264,503,62.297,1.5025,63.7995
1,265,504,61.4876,2.1224,63.61
1,266,505,60.7439,1.99,62.7339
1,267,506,61.915,1.6103,63.5253
1,268,507,61.0096,2.2687,63.2783
1,269,508,63.2898,1.2968,64.5866
1,270,509,61.3497,1.8557,63.2054
1,271,510,61.425,1.5861,63.0111
1,272,511,62.2518,2.4245,64.6763
1,273,512,61.5344,1.4427,62.9771
1,274,513,97.7147,1.4862,99.2009
1,275,514,93.5858,1.4643,95.0501
1,276,515,61.1275,1.308,62.4355
1,277,516,60.4295,2.2992,62.7287
1,278,517,61.8726,1.5377,63.4103
1,279,518,61.3267,1.6871,63.0138
1,280,519,62.7818,1.4565,64.2383
1,281,520,61.1456,1.6408,62.7864
1,282,521,62.1229,2.0023,64.1252
1,283,522,62.4507,1.5013,63.952
1,284,523,60.0194,1.5563,61.5757
1,285,524,61.5344,1.3171,62.8515
1,286,525,61.5095,1.6822,63.1917
1,287,526,62.129,2.4422,64.5712
1,288,527,61.038,1.2368,62.2748
1,289,528,61.153,1.48,62.633
1,290,529,61.1422,1.4682,62.6104
1,291,530,62.1526,1.38,63.5326
1,292,531,61.3638,1.2978,62.6616
1,293,532,60.2748,1.7456,62.0204
1,294,533,61.2423,1.6412,62.8835
1,295,534,61.2032,1.5337,62.7369
1,296,535,63.2869,2.3335,65.6204
1,297,536,66.2858,1.5566,67.8424
1,298,537,63.3908,2.1585,65.5493
1,299,538,69.265,2.1126,71.3776
1,300,539,61.7557,1.2512,63.0069
1,301,540,59.7354,1.2377,60.9731
1,302,541,62.2804,2.168,64.4484
1,303,542,61.8833,1.5288,63.4121
1,304,543,62.5595,2.2024,64.7619
1,305,544,65.2877,1.9701,67.2578
1,306,545,62.8479,2.2032,65.0511
1,307,546,61.853,1.6052,63.4582
1,308,547,63.0953,2.5395,65.6348
1,309,548,61.5652,1.4661,63.0313
1,310,549,61.8935,2.2111,64.1046
1,311,550,62.6886,1.6951,64.3837
1,312,551,61.276,2.3529,63.6289
1,313,552,61.9847,1.5503,63.535
1,314,553,61.684,2.2364,63.9204
1,315,554,62.2717,1.4344,63.7061
1,316,555,64.1454,1.2705,65.4159
1,317,556,60.1389,1.2421,61.381
1,318,557,60.9362,1.5167,62.4529
1,319,558,62.3439,2.0546,64.3985
1,320,559,61.4673,1.4724,62.9397
1,321,560,61.3235,1.3242,62.6477
1,322,561,61.1664,1.5185,62.6849
1,323,562,60.689,1.3679,62.0569
1,324,563,62.3912,1.3344,63.7256
1,325,564,61.998,1.5241,63.5221
1,326,565,62.2869,1.7296,64.0165
1,327,566,60.8557,2.0025,62.8582
1,328,567,61.7789,1.5198,63.2987
1,329,568,64.3948,1.3902,65.785
1,330,569,62.0487,1.4202,63.4689
1,331,570,65.848,1.508,67.356
1,332,571,69.1914,1.41,70.6014
1,333,572,70.3094,1.3024,71.6118
1,334,573,69.5225,1.5662,71.0887
1,335,574,65.6172,1.5501,67.1673
1,336,575,65.1267,1.5753,66.702
1,337,576,63.4772,2.0416,65.5188
1,338,577,62.8181,1.2969,64.115
1,339,578,64.4752,1.6018,66.077
1,340,579,63.4797,1.5197,64.9994
1,341,580,64.6138,1.9282,66.542
1,342,581,65.0697,2.4071,67.4768
1,343,582,62.7475,2.369,65.1165
1,344,583,63.0473,1.5648,64.6121
1,345,584,64.1072,1.3017,65.4089
1,346,585,61.601,2.4726,64.0736
1,347,586,65.6965,2.4054,68.1019
1,348,587,66.1872,1.5784,67.7656
1,349,588,62.2915,2.5654,64.8569
1,350,589,65.3567,1.5725,66.9292
1,351,590,62.6364,1.4985,64.1349
1,352,591,64.0289,1.7157,65.7446
1,353,592,62.684,1.5589,64.2429
1,354,593,64.4306,1.5415,65.9721
1,355,594,63.0503,1.7246,64.7749
1,356,595,60.2098,1.9654,62.1752
1,357,596,62.6959,1.5339,64.2298
1,358,597,65.9236,1.5414,67.465
1,359,598,60.7767,2.4994,63.2761
1,360,599,62.6572,1.6607,64.3179
1,361,600,64.4999,1.8176,66.3175
1,362,601,64.8669,1.6269,66.4938
1,363,602,66.7051,2.6433,69.3484
1,364,603,67.4404,1.6752,69.1156
1,365,604,63.4758,1.9097,65.3855
1,366,605,62.3719,1.3505,63.7224
1,367,606,62.2186,1.7022,63.9208
1,368,607,62.8895,2.3287,65.2182
1,369,608,64.1433,1.8418,65.9851
1,370,609,63.3302,1.5583,64.8885
1,371,610,64.1839,1.353,65.5369
1,372,611,60.9571,1.6569,62.614
1,373,612,62.4498,2.1142,64.564
1,374,613,65.22,1.3598,66.5798
1,375,614,64.0877,2.3121,66.3998
1,376,615,63.8218,2.2441,66.0659
1,377,616,63.3639,1.3293,64.6932
1,378,617,65.6486,1.4721,67.1207
1,379,618,68.6427,1.6617,70.3044
1,380,619,71.0695,1.5088,72.5783
1,381,620,69.5933,1.7103,71.3036
1,382,621,62.6023,2.277,64.8793
1,383,622,63.2785,1.6548,64.9333
1,384,623,62.7042,1.4453,64.1495
1,385,624,62.5591,2.1902,64.7493
1,386,625,63.9483,1.5196,65.4679
1,387,626,63.2708,1.994,65.2648
1,388,627,62.5316,2.5691,65.1007
1,389,628,63.5643,1.4736,65.0379
1,390,629,66.6904,2.213,68.9034
1,391,630,66.929,1.5147,68.4437
1,392,631,63.3863,1.3963,64.7826
1,393,632,61.0233,1.7863,62.8096
1,394,633,63.7954,1.2698,65.0652
1,395,634,67.9908,1.4158,69.4066
1,396,635,67.7888,2.0946,69.8834
1,397,636,65.7565,1.6576,67.4141
1,398,637,66.5337,1.4392,67.9729
1,399,638,65.0082,1.4714,66.4796
1,400,639,67.9956,1.5211,69.5167
1,401,640,63.3023,1.8723,65.1746
1,402,641,66.7383,1.4768,68.2151
1,403,642,65.2665,1.4877,66.7542
1,404,643,62.8809,1.3729,64.2538
1,405,644,63.0213,1.5003,64.5216
1,406,645,62.267,2.0882,64.3552
1,407,646,62.0637,1.5231,63.5868
1,408,647,66.3054,1.5743,67.8797
1,409,648,64.3691,1.8169,66.186
1,410,649,62.6726,1.651,64.3236
1,411,650,64.2852,1.5385,65.8237
1,412,651,66.2525,1.5435,67.796
1,413,652,62.8024,2.0876,64.89
1,414,653,62.8391,1.357,64.1961
1,415,654,61.9095,1.8015,63.711
1,416,655,63.0366,1.6056,64.6422
1,417,656,58.8494,1.3337,60.1831
1,418,657,63.0467,1.469,64.5157
1,419,658,62.4897,1.726,64.2157
1,420,659,62.2235,1.5079,63.7314
1,421,660,62.8942,2.369,65.2632
1,422,661,62.6777,1.3269,64.0046
1,423,662,64.4129,1.6062,66.0191
1,424,663,63.9945,1.6147,65.6092
1,425,664,62.2141,1.8524,64.0665
1,426,665,61.737,1.326,63.063
1,427,666,61.0476,1.2608,62.3084
1,428,667,69.1674,2.1242,71.2916
1,429,668,65.0889,1.3662,66.4551
1,430,669,63.9249,2.085,66.0099
1,431,670,61.3284,1.2947,62.6231
1,432,671,63.4121,1.8277,65.2398
1,433,672,62.7622,1.5066,64.2688
1,434,673,62.3643,2.0046,64.3689
1,435,674,69.1736,2.5463,71.7199
1,436,675,62.798,1.4485,64.2465
1,437,676,62.6541,1.669,64.3231
1,438,677,62.341,1.5869,63.9279
1,439,678,62.9999,1.4945,64.4944
1,440,679,63.2089,1.9186,65.1275
1,441,680,63.2257,1.2795,64.5052
1,442,681,63.9441,1.5334,65.4775
1,443,682,62.698,2.4762,65.1742
1,444,683,64.2903,1.5541,65.8444
1,445,684,63.7512,1.997,65.7482
1,446,685,64.7667,2.1157,66.8824
1,447,686,62.9474,1.5909,64.5383
1,448,687,62.7706,1.472,64.2426
1,449,688,64.3755,2.2432,66.6187
1,450,689,68.8818,2.5296,71.4114
1,451,690,62.9024,1.6766,64.579
1,452,691,64.7793,1.3984,66.1777
1,453,692,60.4151,2.1384,62.5535
1,454,693,62.728,2.089,64.817
1,455,694,64.737,1.5387,66.2757
1,456,695,66.4423,1.7416,68.1839
1,457,696,68.3381,2.4785,70.8166
1,458,697,65.4229,1.4495,66.8724
1,459,698,65.2907,1.4154,66.7061
1,460,699,66.4972,2.1748,68.672
1,461,700,61.5747,1.6256,63.2003
1,462,701,64.4299,1.3661,65.796
1,463,702,65.0591,1.9169,66.976
1,464,703,63.505,2.336,65.841
1,465,704,62.8812,1.3685,64.2497
1,466,705,64.4532,1.666,66.1192
1,467,706,63.4893,1.5671,65.0564
1,468,707,62.4606,1.9835,64.4441
1,469,708,62.9396,1.9146,64.8542
1,470,709,64.3892,1.3123,65.7015
1,471,710,62.1517,1.5146,63.6663
1,472,711,61.9226,1.3756,63.2982
1,473,712,63.6405,2.5555,66.196
1,474,713,63.2537,1.6509,64.9046
1,475,714,62.6872,1.3739,64.0611
1,476,715,66.9675,1.5214,68.4889
1,477,716,62.5845,1.5027,64.0872
1,478,717,63.1975,2.2556,65.4531
1,479,718,62.5329,1.4939,64.0268
1,480,719,64.5241,1.3919,65.916
1,481,720,62.8679,1.5979,64.4658
1,482,721,61.9198,1.4483,63.3681
1,483,722,64.7446,1.6281,66.3727
1,484,723,64.8452,2.5382,67.3834
1,485,724,62.6756,2.0697,64.7453
1,486,725,62.1495,1.6697,63.8192
1,487,726,62.7337,1.3297,64.0634
1,488,727,61.108,1.3715,62.4795
1,489,728,61.377,2.4395,63.8165
1,490,729,63.8435,1.5413,65.3848
1,491,730,63.828,1.6073,65.4353
1,492,731,68.7647,1.5492,70.3139
1,493,732,61.3789,1.6873,63.0662
1,494,733,63.1294,1.891,65.0204
1,495,734,78.1469,1.608,79.7549
1,496,735,68.5414,1.4437,69.9851
1,497,736,63.3554,2.6612,66.0166
1,498,737,63.8866,2.2908,66.1774
1,499,738,60.8165,1.5298,62.3463
2,0,239,63.1852,1.5672,64.7524
2,1,240,65.3546,1.8415,67.1961
2,2,241,63.2818,1.9257,65.2075
2,3,242,63.8395,2.4395,66.279
2,4,243,69.0386,1.3463,70.3849
2,5,244,67.2552,1.4899,68.7451
2,6,245,60.8666,1.4303,62.2969
2,7,246,62.2555,1.5348,63.7903
2,8,247,64.6773,1.5506,66.2279
2,9,248,69.5421,1.6706,71.2127
2,10,249,66.7656,2.4789,69.2445
2,11,250,66.7445,2.0732,68.8177
2,12,251,67.6918,2.6787,70.3705
2,13,252,66.4769,1.3847,67.8616
2,14,253,64.5373,1.4487,65.986
2,15,254,61.6947,1.6174,63.3121
2,16,255,63.8014,1.5308,65.3322
2,17,256,66.9989,1.6353,68.6342
2,18,257,99.5237,1.9632,101.487
2,19,258,99.2883,1.5654,100.854
2,20,259,63.1722,1.6768,64.849
2,21,260,60.4289,2.5103,62.9392
2,22,261,64.2218,2.4134,66.6352
2,23,262,68.4337,1.6582,70.0919
2,24,263,63.1618,1.2644,64.4262
2,25,264,66.4429,1.5898,68.0327
2,26,265,62.1601,1.885,64.0451
2,27,266,62.9744,1.3495,64.3239
2,28,267,62.461,1.8472,64.3082
2,29,268,66.8206,1.7262,68.5468
2,30,269,67.2721,2.3364,69.6085
2,31,270,62.0143,1.6341,63.6484
2,32,271,63.9018,1.4751,65.3769
2,33,272,62.1792,2.0558,64.235
2,34,273,63.8399,1.6057,65.4456
2,35,274,66.4053,1.8632,68.2685
2,36,275,61.0979,1.8845,62.9824
2,37,276,61.5351,1.5276,63.0627
2,38,277,64.1026,1.6427,65.7453
2,39,278,65.9862,1.5656,67.5518
2,40,279,64.3066,1.7822,66.0888
2,41,280,61.7226,2.0819,63.8045
2,42,281,64.2135,2.66,66.8735
2,43,282,63.4603,2.5351,65.9954
2,44,283,61.5875,1.4521,63.0396
2,45,284,60.8521,1.6549,62.507
2,46,285,64.0134,1.4959,65.5093
2,47,286,61.888,2.2457,64.1337
2,48,287,64.3027,2.3288,66.6315
2,49,288,61.5227,1.5622,63.0849
2,50,289,63.3537,2.0313,65.385
2,51,290,61.3804,1.5442,62.9246
2,52,291,62.7411,1.7092,64.4503
2,53,292,63.8448,2.8941,66.7389
2,54,293,67.1859,1.4956,68.6815
2,55,294,64.2769,1.2323,65.5092
2,56,295,65.2056,1.529,66.7346
2,57,296,64.3999,1.627,66.0269
2,58,297,63.8909,2.0861,65.977
2,59,298,62.4166,1.5776,63.9942
2,60,299,62.2616,1.74,64.0016
2,61,300,63.8637,2.2903,66.154
2,62,301,64.9737,1.7723,66.746
2,63,302,63.0432,1.7605,64.8037
2,64,303,62.2176,1.7686,63.9862
2,65,304,62.4035,1.3487,63.7522
2,66,305,61.2345,1.5825,62.817
2,67,306,62.2706,1.6727,63.9433
2,68,307,62.0678,2.0291,64.0969
2,69,308,65.4749,1.9441,67.419
2,70,309,67.7613,1.7071,69.4684
2,71,310,67.2618,2.2547,69.5165
2,72,311,67.5625,1.4546,69.0171
2,73,312,66.9983,2.8278,69.8261
2,74,313,65.707,1.544,67.251
2,75,314,61.4189,1.4923,62.9112
2,76,315,61.7046,1.295,62.9996
2,77,316,60.4616,1.3298,61.7914
2,78,317,61.2352,1.4599,62.6951
2,79,318,61.6811,1.6868,63.3679
2,80,319,61.5365,1.5186,63.0551
2,81,320,61.017,1.4776,62.4946
2,82,321,62.4563,2.0177,64.474
2,83,322,60.6919,1.5365,62.2284
2,84,323,61.394,1.315,62.709
2,85,324,62.3309,1.8962,64.2271
2,86,325,61.673,1.7202,63.3932
2,87,326,62.2948,1.8678,64.1626
2,88,327,65.2268,2.4571,67.6839
2,89,328,65.7377,1.5322,67.2699
2,90,329,66.634,1.5018,68.1358
2,91,330,64.6876,1.347,66.0346
2,92,331,65.2939,1.5296,66.8235
2,93,332,64.6797,1.3018,65.9815
2,94,333,63.929,1.5207,65.4497
2,95,334,62.8946,1.995,64.8896
2,96,335,62.9926,1.5209,64.5135
2,97,336,62.5547,2.1984,64.7531
2,98,337,60.662,1.4374,62.0994
2,99,338,62.0821,2.3349,64.417
2,100,339,62.0461,1.6385,63.6846
2,101,340,61.7308,2.2102,63.941
2,102,341,61.4307,1.5222,62.9529
2,103,342,60.769,1.6776,62.4466
2,104,343,63.8286,1.4635,65.2921
2,105,344,63.9387,1.3648,65.3035
2,106,345,62.29,1.5871,63.8771
2,107,346,62.8968,1.3003,64.1971
2,108,347,61.0922,1.463,62.5552
2,109,348,60.941,1.4967,62.4377
2,110,349,61.6947,1.9829,63.6776
2,111,350,64.0243,2.1132,66.1375
2,112,351,61.4686,1.5124,62.981
2,113,352,62.236,2.3706,64.6066
2,114,353,60.4877,1.7407,62.2284
2,115,354,60.3432,1.5771,61.9203
2,116,355,62.319,1.9646,64.2836
2,117,356,62.0959,1.4695,63.5654
2,118,357,61.9006,2.389,64.2896
2,119,358,61.2461,1.5496,62.7957
2,120,359,59.9157,1.5192,61.4349
2,121,360,63.1591,2.0515,65.2106
2,122,361,60.8685,1.5209,62.3894
2,123,362,61.3431,1.359,62.7021
2,124,363,62.5072,2.3113,64.8185
2,125,364,61.374,1.5222,62.8962
2,126,365,64.2605,1.536,65.7965
2,127,366,60.7396,1.5077,62.2473
2,128,367,61.6454,2.1912,63.8366
2,129,368,63.6231,2.6194,66.2425
2,130,369,64.9553,2.1561,67.1114
2,131,370,64.3948,2.4729,66.8677
2,132,371,65.036,2.1779,67.2139
2,133,372,64.5877,1.6305,66.2182
2,134,373,63.4424,2.0088,65.4512
2,135,374,64.1558,2.6002,66.756
2,136,375,62.2162,1.6239,63.8401
2,137,376,67.1851,2.0749,69.26
2,138,377,62.3224,1.6918,64.0142
2,139,378,63.0381,1.5666,64.6047
2,140,379,62.4884,1.5996,64.088
2,141,380,62.1836,1.5203,63.7039
2,142,381,61.5622,1.7407,63.3029
2,143,382,60.8375,2.0449,62.8824
2,144,383,60.3783,2.0023,62.3806
2,145,384,62.028,1.8258,63.8538
2,146,385,61.7103,2.1509,63.8612
2,147,386,62.5614,1.323,63.8844
2,148,387,62.0766,1.8426,63.9192
2,149,388,61.2444,1.4876,62.732
2,150,389,60.4433,1.4041,61.8474
2,151,390,66.8866,2.3636,69.2502
2,152,391,65.8377,1.9464,67.7841
2,153,392,65.6805,1.8045,67.485
2,154,393,66.7774,1.5362,68.3136
2,155,394,64.1531,1.7772,65.9303
2,156,395,61.9256,2.3411,64.2667
2,157,396,62.2525,1.6906,63.9431
2,158,397,61.9766,1.6231,63.5997
2,159,398,74.1018,1.6282,75.73
2,160,399,71.8717,1.8851,73.7568
2,161,400,68.1788,1.679,69.8578
2,162,401,68.8256,1.3355,70.1611
2,163,402,63.1217,2.4154,65.5371
2,164,403,62.5404,1.5071,64.0475
2,165,404,60.2996,1.5093,61.8089
2,166,405,61.6915,1.5488,63.2403
2,167,406,61.6384,1.4742,63.1126
2,168,407,62.3797,2.1951,64.5748
2,169,408,62.8592,1.465,64.3242
2,170,409,63.8643,1.6145,65.4788
2,171,410,61.7737,2.1823,63.956
2,172,411,62.2456,1.6876,63.9332
2,173,412,62.0821,1.9201,64.0022
2,174,413,62.3514,1.2819,63.6333
2,175,414,61.7569,2.5878,64.3447
2,176,415,61.6414,1.25,62.8914
2,177,416,65.9463,1.6663,67.6126
2,178,417,61.8838,1.3946,63.2784
2,179,418,62.7409,1.5661,64.307
2,180,419,63.0699,1.5161,64.586
2,181,420,61.6848,1.4952,63.18
2,182,421,61.3135,2.3817,63.6952
2,183,422,64.1527,2.172,66.3247
2,184,423,60.7247,1.5241,62.2488
2,185,424,63.6833,2.042,65.7253
2,186,425,63.6036,1.9555,65.5591
2,187,426,61.5697,1.521,63.0907
2,188,427,64.1654,1.8967,66.0621
2,189,428,60.1299,1.6135,61.7434
2,190,429,61.7258,1.9834,63.7092
2,191,430,62.7206,1.5164,64.237
2,192,431,63.0003,2.1217,65.122
2,193,432,62.9505,1.6119,64.5624
2,194,433,62.9842,1.5169,64.5011
2,195,434,61.8123,1.4859,63.2982
2,196,435,65.4206,1.7904,67.211
2,197,436,66.7561,1.888,68.6441
2,198,437,65.1183,2.3915,67.5098
2,199,438,65.334,1.4003,66.7343
2,200,439,62.3284,1.4706,63.799
2,201,440,62.2729,1.9418,64.2147
2,202,441,65.5074,1.5164,67.0238
2,203,442,60.3382,1.6445,61.9827
2,204,443,60.468,1.5965,62.0645
2,205,444,60.7282,1.9956,62.7238
2,206,445,60.0367,1.8531,61.8898
2,207,446,62.1902,1.5002,63.6904
2,208,447,61.2806,1.7051,62.9857
2,209,448,60.5229,1.547,62.0699
2,210,449,59.9181,1.5253,61.4434
2,211,450,59.7394,1.5082,61.2476
2,212,451,62.1626,1.6824,63.845
2,213,452,61.7536,1.5364,63.29
2,214,453,60.6825,1.3125,61.995
2,215,454,61.5374,1.6608,63.1982
2,216,455,60.793,2.2393,63.0323
2,217,456,61.5673,1.239,62.8063
2,218,457,61.8808,1.6957,63.5765
2,219,458,65.0982,1.5378,66.636
2,220,459,58.9332,1.3425,60.2757
2,221,460,61.4261,1.8462,63.2723
2,222,461,60.5405,1.8418,62.3823
2,223,462,61.8712,1.5634,63.4346
2,224,463,61.0998,2.2633,63.3631
2,225,464,60.7413,1.5416,62.2829
2,226,465,60.8081,1.7253,62.5334
2,227,466,62.029,1.5304,63.5594
2,228,467,61.9681,1.459,63.4271
2,229,468,60.3931,1.5436,61.9367
2,230,469,63.2968,1.5061,64.8029
2,231,470,63.3321,1.6895,65.0216
2,232,471,61.7726,1.4522,63.2248
2,233,472,61.1048,1.7385,62.8433
2,234,473,60.832,2.3395,63.1715
2,235,474,66.2801,1.3086,67.5887
2,236,475,61.9451,1.646,63.5911
2,237,476,66.1767,2.4589,68.6356
2,238,477,65.5826,1.9064,67.489
2,239,478,64.9182,2.0153,66.9335
2,240,479,66.0263,1.4002,67.4265
2,241,480,65.8166,1.9656,67.7822
2,242,481,63.6088,1.5436,65.1524
2,243,482,61.3263,1.7958,63.1221
2,244,483,60.1723,2.091,62.2633
2,245,484,61.5712,1.4705,63.0417
2,246,485,59.81,1.5388,61.3488
2,247,486,64.7695,1.5678,66.3373
2,248,487,59.8091,1.5104,61.3195
2,249,488,61.3569,1.6729,63.0298
2,250,489,60.7683,1.7726,62.5409
2,251,490,63.8754,1.5102,65.3856
2,252,491,69.1825,1.5221,70.7046
2,253,492,62.8373,1.9781,64.8154
2,254,493,61.8691,1.5905,63.4596
2,255,494,60.0717,1.572,61.6437
2,256,495,59.3496,1.6793,61.0289
2,257,496,62.163,1.3144,63.4774
2,258,497,60.7251,2.1929,62.918
2,259,498,60.5099,1.6685,62.1784
2,260,499,62.5714,2.4993,65.0707
2,261,500,63.2083,1.6095,64.8178
2,262,501,64.3164,1.555,65.8714
2,263,502,65.1546,1.6716,66.8262
2,264,503,64.3699,1.4259,65.7958
2,265,504,65.6729,1.2652,66.9381
2,266,505,69.6196,1.5898,71.2094
2,267,506,65.0551,1.5583,66.6134
2,268,507,63.7672,1.4527,65.2199
2,269,508,60.3925,1.5684,61.9609
2,270,509,60.4208,1.709,62.1298
2,271,510,59.4357,1.6119,61.0476
2,272,511,60.8734,2.0999,62.9733
2,273,512,60.5852,1.355,61.9402
2,274,513,97.8764,1.3275,99.2039
2,275,514,96.0504,1.8265,97.8769
2,276,515,61.7999,2.2748,64.0747
2,277,516,59.8502,1.511,61.3612
2,278,517,62.7052,2.3071,65.0123
2,279,518,62.7346,1.7483,64.4829
2,280,519,61.4074,2.2534,63.6608
2,281,520,62.3484,1.5556,63.904
2,282,521,60.1384,1.5889,61.7273
2,283,522,61.3604,1.7123,63.0727
2,284,523,66.2588,1.5437,67.8025
2,285,524,61.8338,1.5094,63.3432
2,286,525,61.655,2.1285,63.7835
2,287,526,61.3375,1.4489,62.7864
2,288,527,60.8017,1.5282,62.3299
2,289,528,59.8327,1.7056,61.5383
2,290,529,61.9904,1.5381,63.5285
2,291,530,61.9629,1.4949,63.4578
2,292,531,60.8655,2.2906,63.1561
2,293,532,63.0928,1.4226,64.5154
2,294,533,63.7388,1.4789,65.2177
2,295,534,62.8346,2.0685,64.9031
2,296,535,63.9772,1.6372,65.6144
2,297,536,63.3006,1.5182,64.8188
2,298,537,59.9426,1.5812,61.5238
2,299,538,63.4634,2.4732,65.9366
2,300,539,65.5168,1.5729,67.0897
2,301,540,66.5469,1.323,67.8699
2,302,541,66.6196,2.7661,69.3857
2,303,542,65.0769,2.1688,67.2457
2,304,543,65.5178,1.5507,67.0685
2,305,544,62.8134,1.8802,64.6936
2,306,545,62.7344,1.5694,64.3038
2,307,546,62.055,2.0731,64.1281
2,308,547,61.8359,1.6688,63.5047
2,309,548,62.3116,1.5042,63.8158
2,310,549,61.0278,1.8728,62.9006
2,311,550,61.6656,1.4658,63.1314
2,312,551,62.7003,1.2549,63.9552
2,313,552,63.169,2.4177,65.5867
2,314,553,61.2387,1.4537,62.6924
2,315,554,59.9155,1.5366,61.4521
2,316,555,65.201,1.5919,66.7929
2,317,556,61.8178,2.2859,64.1037
2,318,557,62.1879,1.5567,63.7446
2,319,558,60.6075,1.459,62.0665
2,320,559,60.7293,2.1022,62.8315
2,321,560,61.3034,1.4405,62.7439
2,322,561,64.9832,1.4343,66.4175
2,323,562,71.5593,1.472,73.0313
2,324,563,67.2096,1.6316,68.8412
2,325,564,65.3901,2.7383,68.1284
2,326,565,64.9273,1.662,66.5893
2,327,566,63.9089,1.6242,65.5331
2,328,567,64.6285,1.3237,65.9522
2,329,568,65.5685,3.2889,68.8574
2,330,569,68.6881,2.2267,70.9148
2,331,570,62.937,1.9038,64.8408
2,332,571,69.8784,2.0218,71.9002
2,333,572,63.1382,1.7563,64.8945
2,334,573,64.371,1.8902,66.2612
2,335,574,62.8699,1.8973,64.7672
2,336,575,61.4797,1.8593,63.339
2,337,576,61.5795,1.4964,63.0759
2,338,577,61.5381,2.0158,63.5539
2,339,578,62.449,1.7151,64.1641
2,340,579,63.0726,1.5712,64.6438
2,341,580,66.1849,1.5362,67.7211
2,342,581,64.6012,1.4448,66.046
2,343,582,60.5526,1.2689,61.8215
2,344,583,59.8806,1.298,61.1786
2,345,584,60.9651,1.3629,62.328
2,346,585,61.2745,1.9177,63.1922
2,347,586,60.7604,1.335,62.0954
2,348,587,63.2726,2.1405,65.4131
2,349,588,61.6468,1.4413,63.0881
2,350,589,61.5199,2.3063,63.8262
2,351,590,61.928,1.2509,63.1789
2,352,591,62.0528,1.2993,63.3521
2,353,592,60.2331,1.5639,61.797
2,354,593,60.4466,2.2844,62.731
2,355,594,60.8241,1.5162,62.3403
2,356,595,60.1424,1.2684,61.4108
2,357,596,61.453,1.4827,62.9357
2,358,597,65.96,1.3385,67.2985
2,359,598,63.9639,1.3401,65.304
2,360,599,64.5506,1.9769,66.5275
2,361,600,65.4092,1.6774,67.0866
2,362,601,65.2834,1.5987,66.8821
2,363,602,65.1666,1.6944,66.861
2,364,603,64.8539,1.4025,66.2564
2,365,604,67.3013,2.3691,69.6704
2,366,605,60.7957,1.4556,62.2513
2,367,606,59.9106,1.7258,61.6364
2,368,607,62.6012,1.903,64.5042
2,369,608,61.3059,1.264,62.5699
2,370,609,61.013,1.631,62.644
2,371,610,60.4963,2.081,62.5773
2,372,611,61.3327,1.519,62.8517
2,373,612,61.5226,1.7356,63.2582
2,374,613,61.8384,2.4317,64.2701
2,375,614,59.9521,1.5353,61.4874
2,376,615,59.6149,1.4369,61.0518
2,377,616,60.8209,1.6422,62.4631
2,378,617,61.3431,2.5825,63.9256
2,379,618,61.4688,1.2901,62.7589
2,380,619,62.2497,2.0637,64.3134
2,381,620,62.9597,1.8174,64.7771
2,382,621,61.9022,1.8561,63.7583
2,383,622,60.5013,1.6502,62.1515
2,384,623,60.232,1.4464,61.6784
2,385,624,62.2021,2.0884,64.2905
2,386,625,60.8747,1.8451,62.7198
2,387,626,60.8628,1.6749,62.5377
2,388,627,62.1311,2.1547,64.2858
2,389,628,61.7678,1.7376,63.5054
2,390,629,61.6234,1.8152,63.4386
2,391,630,61.9895,1.3685,63.358
2,392,631,61.5186,1.6681,63.1867
2,393,632,61.5328,2.1701,63.7029
2,394,633,60.9937,1.3232,62.3169
2,395,634,59.988,1.6606,61.6486
2,396,635,62.5965,1.3388,63.9353
2,397,636,62.7395,1.6771,64.4166
2,398,637,65.3413,1.3668,66.7081
2,399,638,66.8602,1.9855,68.8457
2,400,639,62.8583,1.6567,64.515
2,401,640,60.314,2.6271,62.9411
2,402,641,63.1285,1.671,64.7995
2,403,642,61.6419,1.5077,63.1496
2,404,643,61.4305,1.448,62.8785
2,405,644,61.0536,1.4904,62.544
2,406,645,61.5091,2.2426,63.7517
2,407,646,59.2788,1.3212,60.6
2,408,647,61.031,1.5106,62.5416
2,409,648,60.6239,1.5958,62.2197
2,410,649,60.969,1.709,62.678
2,411,650,61.7118,1.5495,63.2613
2,412,651,61.1364,1.5539,62.6903
2,413,652,60.9584,1.3636,62.322
2,414,653,60.8504,2.4799,63.3303
2,415,654,67.493,1.5583,69.0513
2,416,655,61.9613,2.2782,64.2395
2,417,656,61.166,1.4563,62.6223
2,418,657,61.2983,1.3847,62.683
2,419,658,61.6796,1.9799,63.6595
2,420,659,64.1728,1.9331,66.1059
2,421,660,65.5552,1.9782,67.5334
2,422,661,65.0562,1.7466,66.8028
2,423,662,64.0271,2.6414,66.6685
2,424,663,64.9515,1.5884,66.5399
2,425,664,62.2187,1.3114,63.5301
2,426,665,61.1762,2.2533,63.4295
2,427,666,60.5868,1.4486,62.0354
2,428,667,61.1867,1.2781,62.4648
2,429,668,61.1528,1.4015,62.5543
2,430,669,62.0848,1.3277,63.4125
2,431,670,68.4046,2.2376,70.6422
2,432,671,69.3418,1.7372,71.079
2,433,672,63.6463,1.9689,65.6152
2,434,673,64.4742,1.857,66.3312
2,435,674,64.4209,1.4698,65.8907
2,436,675,65.9383,1.5278,67.4661
2,437,676,63.4487,1.5312,64.9799
2,438,677,60.343,1.4423,61.7853
2,439,678,60.2269,1.4643,61.6912
2,440,679,61.4761,1.5197,62.9958
2,441,680,62.4034,1.8143,64.2177
2,442,681,61.7356,1.2803,63.0159
2,443,682,60.3428,2.268,62.6108
2,444,683,60.2431,1.887,62.1301
2,445,684,61.3281,1.5752,62.9033
2,446,685,61.0157,1.5146,62.5303
2,447,686,60.5712,2.3885,62.9597
2,448,687,66.4574,1.6208,68.0782
2,449,688,60.8088,1.2558,62.0646
2,450,689,60.9132,1.4946,62.4078
2,451,690,61.676,1.5106,63.1866
2,452,691,64.7917,1.984,66.7757
2,453,692,63.9916,1.7851,65.7767
2,454,693,62.4376,1.6221,64.0597
2,455,694,61.5252,2.5326,64.0578
2,456,695,60.2308,1.8906,62.1214
2,457,696,62.7513,1.6203,64.3716
2,458,697,63.652,1.5271,65.1791
2,459,698,62.2668,1.843,64.1098
2,460,699,60.2985,1.5312,61.8297
2,461,700,61.2175,1.6359,62.8534
2,462,701,62.0165,1.8505,63.867
2,463,702,62.1701,1.5549,63.725
2,464,703,63.7809,1.9995,65.7804
2,465,704,67.8478,2.1819,70.0297
2,466,705,61.2297,1.844,63.0737
2,467,706,61.9895,1.3355,63.325
2,468,707,62.3742,1.5414,63.9156
2,469,708,61.8563,1.623,63.4793
2,470,709,62.2239,1.3089,63.5328
2,471,710,61.2775,1.2347,62.5122
2,472,711,60.4606,1.2654,61.726
2,473,712,60.5348,1.3501,61.8849
2,474,713,61.8804,1.8524,63.7328
2,475,714,62.0367,1.6089,63.6456
2,476,715,61.6845,2.057,63.7415
2,477,716,64.3184,1.8219,66.1403
2,478,717,62.2471,1.5061,63.7532
2,479,718,61.4746,2.4286,63.9032
2,480,719,62.0484,1.6588,63.7072
2,481,720,65.8569,1.3065,67.1634
2,482,721,62.5777,1.3021,63.8798
2,483,722,60.7204,1.5254,62.2458
2,484,723,60.9043,1.3347,62.239
2,485,724,60.7617,1.6881,62.4498
2,486,725,61.0587,1.8539,62.9126
2,487,726,62.0838,1.5647,63.6485
2,488,727,61.4048,1.5887,62.9935
2,489,728,61.8295,1.609,63.4385
2,490,729,61.2232,1.6171,62.8403
2,491,730,60.6104,1.344,61.9544
2,492,731,61.3155,1.8285,63.144
2,493,732,62.0793,1.6948,63.7741
2,494,733,60.7574,1.3905,62.1479
2,495,734,61.1252,1.7031,62.8283
2,496,735,61.5259,1.456,62.9819
2,497,736,65.8263,1.745,67.5713
2,498,737,72.2956,2.5079,74.8035
2,499,738,62.8612,1.6123,64.4735
