"elapsed_s","cpu_percent","working_set_gib","private_gib","gpu_util_percent","gpu_mem_used_mib","gpu_mem_total_mib"
"1.008","2.81","0.357","0.587","6","1006","16376"
"2.11","3.06","0.357","0.587","6","1006","16376"
"3.182","3.1","0.357","0.667","6","997","16376"
"4.272","3","0.357","0.667","6","1004","16376"
"5.36","2.96","0.357","0.667","6","1004","16376"
"6.437","2.86","3.087","5.031","19","5464","16376"
"7.511","2.86","5.902","8.597","21","8035","16376"
"8.6","2.87","8.933","8.7","26","8046","16376"
"9.692","2.91","11.907","8.702","27","8046","16376"
"10.765","3","14.91","8.633","30","8039","16376"
"11.854","2.96","17.881","8.632","25","8033","16376"
"12.93","3.04","21","8.633","24","8046","16376"
"14.004","3.05","24.071","8.634","29","8046","16376"
"15.077","3.1","27.097","8.635","26","8033","16376"
"16.139","3.08","30.062","8.635","29","8033","16376"
"17.202","3.08","32.181","8.636","22","8046","16376"
"18.296","3.13","33.463","8.636","40","8046","16376"
"19.374","3.08","34.718","8.636","43","8033","16376"
"20.448","3.09","35.659","8.636","47","8046","16376"
"21.526","2.85","36.383","8.637","50","8046","16376"
"22.601","3.13","37.171","8.637","46","8039","16376"
"23.676","2.95","37.683","8.643","50","8039","16376"
"24.764","3.01","38.2","8.643","47","8052","16376"
"25.84","3.13","38.733","8.643","47","8052","16376"
"26.914","10.14","39.143","8.674","54","8046","16376"
"27.991","2.86","39.507","8.674","53","8044","16376"
"29.068","2.99","39.876","8.674","50","8056","16376"
"30.136","3.11","40.148","8.684","55","8066","16376"
"31.21","3","40.51","8.684","50","8058","16376"
"32.303","2.99","40.691","8.689","54","8068","16376"
"33.385","3.02","40.937","8.689","52","8069","16376"
"34.477","3","41.195","8.689","54","8069","16376"
"35.564","3.01","41.354","8.695","54","8061","16376"
"36.642","3.13","41.592","8.695","52","8074","16376"
"37.718","10.03","41.78","8.699","54","8078","16376"
"38.783","2.84","41.94","8.699","54","8071","16376"
"39.855","3.05","42.13","8.699","53","8065","16376"
"40.917","2.99","42.267","8.705","58","8084","16376"
"41.989","2.96","42.461","8.705","52","8084","16376"
"43.079","3.09","42.629","8.705","55","8077","16376"
"44.144","2.89","42.743","8.709","54","8075","16376"
"45.223","2.99","42.885","8.709","50","8088","16376"
"46.312","2.82","42.972","8.709","50","8081","16376"
"47.398","2.79","43.129","8.715","51","8081","16376"
"48.479","2.94","43.284","8.715","55","8094","16376"
"49.568","10","43.438","8.719","49","8098","16376"
"50.64","2.87","43.583","8.719","49","8098","16376"
"51.712","2.96","43.699","8.719","52","8088","16376"
"52.803","3","43.789","8.725","57","8104","16376"
"53.897","2.86","43.888","8.725","51","8104","16376"
"54.989","2.91","43.998","8.725","52","8091","16376"
"56.064","2.77","44.109","8.729","55","8095","16376"
"57.136","3","44.192","8.729","51","8108","16376"
"58.228","2.82","44.273","8.729","50","8104","16376"
"59.319","2.82","44.342","8.735","52","8101","16376"
"60.391","2.96","44.446","8.735","53","8114","16376"
"61.483","9.12","44.568","8.739","53","8118","16376"
"62.556","2.87","44.636","8.739","54","8106","16376"
"63.65","2.9","44.712","8.739","55","8112","16376"
"64.742","2.91","44.801","8.745","55","8126","16376"
"65.832","2.91","44.894","8.745","56","8126","16376"
"66.918","3.06","44.964","8.745","54","8122","16376"
"68.004","3.06","45.017","8.749","53","8116","16376"
"69.077","2.91","45.118","8.749","51","8128","16376"
"70.172","2.9","45.24","8.749","53","8129","16376"
"71.265","2.95","45.308","8.755","53","8123","16376"
"72.338","3.09","45.416","8.755","55","8134","16376"
"73.407","3.06","45.493","8.755","55","8134","16376"
"74.485","8.92","45.587","8.759","54","8138","16376"
"75.575","3.05","45.65","8.759","57","8125","16376"
"76.65","3","45.708","8.759","54","8138","16376"
"77.722","3.1","45.804","8.765","56","8144","16376"
"78.796","2.91","45.863","8.765","55","8144","16376"
"79.874","2.95","45.895","8.769","58","8137","16376"
"80.938","2.94","45.98","8.769","56","8148","16376"
"82.006","2.97","46.027","8.769","56","8148","16376"
"83.094","3.1","46.074","8.775","56","8141","16376"
"84.187","3.04","46.123","8.775","55","8154","16376"
"85.279","2.82","46.18","8.775","55","8154","16376"
"86.37","10.03","46.236","8.779","56","8158","16376"
"87.448","2.94","46.281","8.779","56","8148","16376"
"88.533","3.01","46.327","8.779","55","8158","16376"
"89.627","2.99","46.378","8.785","53","8164","16376"
"90.703","3.08","46.432","8.785","54","8164","16376"
"91.778","3.09","46.496","8.785","53","8153","16376"
"92.87","2.91","46.53","8.789","56","8168","16376"
"93.949","3.12","46.563","8.789","55","8168","16376"
"95.012","3.03","46.615","8.795","54","8174","16376"
"96.105","3","46.652","8.795","57","8161","16376"
"97.197","3.08","46.686","8.795","57","8174","16376"
"98.288","10.11","46.741","8.799","58","8178","16376"
"99.368","2.89","46.801","8.799","54","8168","16376"
"100.461","3.04","46.834","8.799","56","8178","16376"
"101.531","2.97","46.874","8.805","56","8184","16376"
"102.619","3.01","46.918","8.805","52","8184","16376"
"103.697","3.04","46.945","8.805","56","8172","16376"
"104.769","3.1","46.968","8.809","61","8188","16376"
"105.843","3","47.021","8.809","56","8188","16376"
"106.921","3.13","47.054","8.809","57","8188","16376"
"108.011","3.09","47.091","8.809","55","8178","16376"
"109.089","2.99","47.111","8.809","55","8188","16376"
"110.165","3.13","47.163","8.809","55","8188","16376"
"111.228","35.26","47.391","8.9","14","8214","16376"
"112.346","74.47","48.223","8.9","33","8224","16376"
"113.471","73.93","48.428","5.915","36","6774","16376"
"114.579","34.9","48.512","8.842","38","8056","16376"
"115.687","73.75","48.512","8.842","37","8045","16376"
"116.793","74.15","48.539","8.753","36","8056","16376"
"117.897","72.48","49.022","8.732","45","8056","16376"
"119.003","74.14","49.571","8.732","36","8056","16376"
"120.109","74.05","49.97","8.732","36","8046","16376"
"121.213","72.64","50.373","8.732","36","8056","16376"
"122.319","74.04","50.698","8.732","37","8056","16376"
"123.427","73.8","50.973","8.732","35","8043","16376"
"124.537","73.82","51.126","8.732","44","8056","16376"
"125.624","41.04","46.387","1.267","8","1074","16376"
"126.686","2.99","37.52","1.267","10","1067","16376"
"127.761","3","28.694","1.176","13","1061","16376"
"128.852","2.95","19.763","0.945","15","1074","16376"
"129.929","3.04","11.012","0.945","19","1074","16376"
"130.992","3.08","2.18","0.945","24","1067","16376"
"132.071","1.09","0","0","30","771","16376"
