pool_gb,host_memory,layout,batch_experts,bytes,iterations,rounds,wall_mean_ms,wall_p50_ms,wall_p95_ms,event_mean_ms,effective_gbps
1.000000,pageable,contiguous_record,1,2764800,362,3,0.182415,0.1775,0.2183,0.175914,15.156655
1.000000,pageable,contiguous_record,10,27648000,40,3,2.026365,1.9507,2.4969,2.017566,13.644136
1.000000,pageable,contiguous_record,2,5529600,181,3,0.343138,0.3404,0.3771,0.337694,16.11482
1.000000,pageable,contiguous_record,20,55296000,40,3,4.834598,4.8261,5.2767,4.828979,11.43756
1.000000,pageable,contiguous_record,4,11059200,91,3,0.654908,0.6518,0.7465,0.648663,16.886655
1.000000,pageable,contiguous_record,8,22118400,46,3,1.435833,1.4017,1.8263,1.429661,15.404581
1.000000,pageable,nine_pieces_per_expert,1,2764800,362,3,0.305885,0.2798,0.5788,0.297804,9.038697
1.000000,pageable,nine_pieces_per_expert,10,27648000,40,3,2.87227,2.8682,3.1626,2.865196,9.625836
1.000000,pageable,nine_pieces_per_expert,2,5529600,181,3,0.592676,0.5522,0.9052,0.583271,9.329892
1.000000,pageable,nine_pieces_per_expert,20,55296000,40,3,5.63466,5.5861,6.0577,5.627519,9.813547
1.000000,pageable,nine_pieces_per_expert,4,11059200,91,3,1.155831,1.081,1.4781,1.146858,9.568183
1.000000,pageable,nine_pieces_per_expert,8,22118400,46,3,2.29565,2.1522,2.6438,2.289295,9.634918
1.000000,pinned,contiguous_record,1,2764800,362,3,0.126674,0.1261,0.1287,0.121144,21.826147
1.000000,pinned,contiguous_record,10,27648000,40,3,1.181655,1.1757,1.2037,1.17675,23.397692
1.000000,pinned,contiguous_record,2,5529600,181,3,0.24563,0.2424,0.2576,0.238693,22.511923
1.000000,pinned,contiguous_record,20,55296000,40,3,2.351158,2.3429,2.3733,2.342502,23.518629
1.000000,pinned,contiguous_record,4,11059200,91,3,0.478629,0.4752,0.5022,0.472743,23.106017
1.000000,pinned,contiguous_record,8,22118400,46,3,0.949922,0.9416,0.9766,0.943179,23.284444
1.000000,pinned,nine_pieces_per_expert,1,2764800,362,3,0.143615,0.1415,0.1557,0.137981,19.251445
1.000000,pinned,nine_pieces_per_expert,10,27648000,40,3,1.341935,1.3393,1.3567,1.337286,20.603084
1.000000,pinned,nine_pieces_per_expert,2,5529600,181,3,0.278182,0.2747,0.2919,0.271062,19.877611
1.000000,pinned,nine_pieces_per_expert,20,55296000,40,3,2.676152,2.6724,2.7035,2.670874,20.6625
1.000000,pinned,nine_pieces_per_expert,4,11059200,91,3,0.544773,0.5416,0.5648,0.539876,20.300583
1.000000,pinned,nine_pieces_per_expert,8,22118400,46,3,1.08135,1.0733,1.122,1.075368,20.454432
2.000000,pageable,contiguous_record,1,2764800,362,3,0.184803,0.1754,0.213,0.178001,14.960771
2.000000,pageable,contiguous_record,10,27648000,40,3,1.936563,1.9053,2.3462,1.930907,14.276844
2.000000,pageable,contiguous_record,2,5529600,181,3,0.341991,0.3301,0.3818,0.33534,16.168839
2.000000,pageable,contiguous_record,20,55296000,40,3,4.844605,4.7597,5.3687,4.837929,11.413934
2.000000,pageable,contiguous_record,4,11059200,91,3,0.676567,0.6515,0.8031,0.669702,16.346052
2.000000,pageable,contiguous_record,8,22118400,46,3,1.341513,1.3079,1.5625,1.335652,16.487652
2.000000,pageable,nine_pieces_per_expert,1,2764800,362,3,0.303291,0.2791,0.5791,0.29526,9.116001
2.000000,pageable,nine_pieces_per_expert,10,27648000,40,3,2.859665,2.7876,3.2439,2.841373,9.668265
2.000000,pageable,nine_pieces_per_expert,2,5529600,181,3,0.592882,0.5493,0.892,0.580782,9.32664
2.000000,pageable,nine_pieces_per_expert,20,55296000,40,3,5.611632,5.5439,6.0041,5.60373,9.853817
2.000000,pageable,nine_pieces_per_expert,4,11059200,91,3,1.15367,1.0845,1.4545,1.146363,9.586101
2.000000,pageable,nine_pieces_per_expert,8,22118400,46,3,2.293591,2.1819,2.6449,2.286779,9.643566
2.000000,pinned,contiguous_record,1,2764800,362,3,0.127928,0.1263,0.1312,0.121796,21.612174
2.000000,pinned,contiguous_record,10,27648000,40,3,1.183138,1.1755,1.2062,1.177763,23.368374
2.000000,pinned,contiguous_record,2,5529600,181,3,0.243978,0.2424,0.2494,0.23813,22.664348
2.000000,pinned,contiguous_record,20,55296000,40,3,2.347422,2.3424,2.372,2.339491,23.556049
2.000000,pinned,contiguous_record,4,11059200,91,3,0.479051,0.4753,0.4992,0.472944,23.085664
2.000000,pinned,contiguous_record,8,22118400,46,3,0.950391,0.9413,0.9711,0.939361,23.27294
2.000000,pinned,nine_pieces_per_expert,1,2764800,362,3,0.14302,0.1401,0.161,0.136685,19.331577
2.000000,pinned,nine_pieces_per_expert,10,27648000,40,3,1.341695,1.3385,1.3565,1.336471,20.60677
2.000000,pinned,nine_pieces_per_expert,2,5529600,181,3,0.276039,0.273,0.2875,0.270745,20.031976
2.000000,pinned,nine_pieces_per_expert,20,55296000,40,3,2.694447,2.679,2.7595,2.687294,20.522204
2.000000,pinned,nine_pieces_per_expert,4,11059200,91,3,0.544036,0.5404,0.5624,0.539171,20.328057
2.000000,pinned,nine_pieces_per_expert,8,22118400,46,3,1.074054,1.0728,1.093,1.069383,20.593371
4.000000,pageable,contiguous_record,1,2764800,362,3,0.180228,0.1757,0.2052,0.173931,15.34053
4.000000,pageable,contiguous_record,10,27648000,40,3,2.01281,1.9857,2.4218,2.006362,13.736021
4.000000,pageable,contiguous_record,2,5529600,181,3,0.347794,0.3306,0.4008,0.337748,15.89907
4.000000,pageable,contiguous_record,20,55296000,40,3,4.90736,4.8533,5.3465,4.89904,11.267973
4.000000,pageable,contiguous_record,4,11059200,91,3,0.676841,0.6443,0.8408,0.671053,16.339444
4.000000,pageable,contiguous_record,8,22118400,46,3,1.384911,1.3069,1.9075,1.378657,15.970992
4.000000,pageable,nine_pieces_per_expert,1,2764800,362,3,0.303758,0.2804,0.5373,0.292628,9.101982
4.000000,pageable,nine_pieces_per_expert,10,27648000,40,3,2.865955,2.9072,3.1858,2.856218,9.647046
4.000000,pageable,nine_pieces_per_expert,2,5529600,181,3,0.594719,0.5485,0.9093,0.579216,9.29784
4.000000,pageable,nine_pieces_per_expert,20,55296000,40,3,5.673712,5.5977,6.3108,5.657818,9.746
4.000000,pageable,nine_pieces_per_expert,4,11059200,91,3,1.173988,1.0854,1.5568,1.160563,9.420199
4.000000,pageable,nine_pieces_per_expert,8,22118400,46,3,2.294259,2.1302,2.589,2.284527,9.640761
4.000000,pinned,contiguous_record,1,2764800,362,3,0.127509,0.1262,0.1302,0.1215,21.683109
4.000000,pinned,contiguous_record,10,27648000,40,3,1.18097,1.1757,1.2034,1.17232,23.411264
4.000000,pinned,contiguous_record,2,5529600,181,3,0.244966,0.2425,0.259,0.238721,22.572952
4.000000,pinned,contiguous_record,20,55296000,40,3,2.343937,2.3408,2.359,2.339155,23.591073
4.000000,pinned,contiguous_record,4,11059200,91,3,0.479469,0.4753,0.505,0.474181,23.065505
4.000000,pinned,contiguous_record,8,22118400,46,3,0.945215,0.9413,0.961,0.93919,23.400385
4.000000,pinned,nine_pieces_per_expert,1,2764800,362,3,0.146183,0.1403,0.1646,0.137589,18.913296
4.000000,pinned,nine_pieces_per_expert,10,27648000,40,3,1.348227,1.3393,1.3811,1.340909,20.506925
4.000000,pinned,nine_pieces_per_expert,2,5529600,181,3,0.275999,0.2734,0.2871,0.270514,20.034823
4.000000,pinned,nine_pieces_per_expert,20,55296000,40,3,2.677063,2.6745,2.6974,2.671049,20.655476
4.000000,pinned,nine_pieces_per_expert,4,11059200,91,3,0.54518,0.5404,0.5622,0.538516,20.285402
4.000000,pinned,nine_pieces_per_expert,8,22118400,46,3,1.083128,1.0732,1.1179,1.072559,20.42085
6.000000,pageable,contiguous_record,1,2764800,362,3,0.184278,0.1799,0.1983,0.177642,15.003404
6.000000,pageable,contiguous_record,10,27648000,40,3,1.757613,1.7737,2.1978,1.752718,15.73043
6.000000,pageable,contiguous_record,2,5529600,181,3,0.343528,0.3355,0.3929,0.336443,16.096496
6.000000,pageable,contiguous_record,20,55296000,40,3,4.65528,4.6444,5.2794,4.64835,11.878125
6.000000,pageable,contiguous_record,4,11059200,91,3,0.655423,0.6363,0.7412,0.648097,16.873376
6.000000,pageable,contiguous_record,8,22118400,46,3,1.320126,1.2498,1.5917,1.311277,16.754763
6.000000,pageable,nine_pieces_per_expert,1,2764800,362,3,0.288022,0.2782,0.3526,0.279413,9.599273
6.000000,pageable,nine_pieces_per_expert,10,27648000,40,3,2.74388,2.6475,3.0979,2.736952,10.076242
6.000000,pageable,nine_pieces_per_expert,2,5529600,181,3,0.567192,0.5487,0.6966,0.559384,9.749085
6.000000,pageable,nine_pieces_per_expert,20,55296000,40,3,5.28425,5.2768,5.7052,5.273418,10.464304
6.000000,pageable,nine_pieces_per_expert,4,11059200,91,3,1.099348,1.0821,1.2343,1.091649,10.059778
6.000000,pageable,nine_pieces_per_expert,8,22118400,46,3,2.159359,2.1014,2.3752,2.15059,10.243041
6.000000,pinned,contiguous_record,1,2764800,362,3,0.126954,0.1261,0.1289,0.121314,21.777942
6.000000,pinned,contiguous_record,10,27648000,40,3,1.178657,1.1741,1.1982,1.17283,23.457196
6.000000,pinned,contiguous_record,2,5529600,181,3,0.245841,0.2423,0.2576,0.23834,22.492597
6.000000,pinned,contiguous_record,20,55296000,40,3,2.343587,2.3397,2.3622,2.337439,23.594596
6.000000,pinned,contiguous_record,4,11059200,91,3,0.479112,0.4751,0.4997,0.471969,23.082699
6.000000,pinned,contiguous_record,8,22118400,46,3,0.94518,0.9407,0.9742,0.938985,23.401246
6.000000,pinned,nine_pieces_per_expert,1,2764800,362,3,0.14427,0.1403,0.1617,0.136682,19.164009
6.000000,pinned,nine_pieces_per_expert,10,27648000,40,3,1.341533,1.3387,1.3598,1.33466,20.609266
6.000000,pinned,nine_pieces_per_expert,2,5529600,181,3,0.278405,0.273,0.2961,0.271159,19.861714
6.000000,pinned,nine_pieces_per_expert,20,55296000,40,3,2.67076,2.6659,2.6918,2.660958,20.704219
6.000000,pinned,nine_pieces_per_expert,4,11059200,91,3,0.547708,0.5405,0.5829,0.540137,20.191792
6.000000,pinned,nine_pieces_per_expert,8,22118400,46,3,1.081563,1.0747,1.1108,1.076331,20.450403
8.000000,pageable,contiguous_record,1,2764800,362,3,0.185205,0.1803,0.2018,0.178104,14.928325
8.000000,pageable,contiguous_record,10,27648000,40,3,1.676255,1.593,2.0332,1.67071,16.493911
8.000000,pageable,contiguous_record,2,5529600,181,3,0.339742,0.3355,0.3674,0.333457,16.27588
8.000000,pageable,contiguous_record,20,55296000,40,3,4.503925,4.4499,5.062,4.497894,12.277291
8.000000,pageable,contiguous_record,4,11059200,91,3,0.643069,0.6358,0.6864,0.637195,17.197526
8.000000,pageable,contiguous_record,8,22118400,46,3,1.344522,1.2863,1.5932,1.338125,16.450757
8.000000,pageable,nine_pieces_per_expert,1,2764800,362,3,0.279974,0.2774,0.3049,0.272946,9.875192
8.000000,pageable,nine_pieces_per_expert,10,27648000,40,3,2.624937,2.6023,2.7789,2.618693,10.532822
8.000000,pageable,nine_pieces_per_expert,2,5529600,181,3,0.551164,0.5442,0.6044,0.544549,10.032594
8.000000,pageable,nine_pieces_per_expert,20,55296000,40,3,5.164093,5.1105,6.0047,5.152121,10.707787
8.000000,pageable,nine_pieces_per_expert,4,11059200,91,3,1.073458,1.0719,1.1307,1.067448,10.302404
8.000000,pageable,nine_pieces_per_expert,8,22118400,46,3,2.101243,2.0826,2.2963,2.095281,10.526338
8.000000,pinned,contiguous_record,1,2764800,362,3,0.127163,0.1261,0.1381,0.121591,21.742223
8.000000,pinned,contiguous_record,10,27648000,40,3,1.174368,1.1727,1.1789,1.169443,23.542886
8.000000,pinned,contiguous_record,2,5529600,181,3,0.243657,0.2423,0.2486,0.238077,22.694206
8.000000,pinned,contiguous_record,20,55296000,40,3,2.34493,2.3406,2.3557,2.339366,23.581088
8.000000,pinned,contiguous_record,4,11059200,91,3,0.475966,0.4751,0.4876,0.470911,23.235276
8.000000,pinned,contiguous_record,8,22118400,46,3,0.942111,0.9399,0.9576,0.937205,23.477492
8.000000,pinned,nine_pieces_per_expert,1,2764800,362,3,0.141638,0.1402,0.1436,0.136595,19.520207
8.000000,pinned,nine_pieces_per_expert,10,27648000,40,3,1.34505,1.3377,1.3718,1.337974,20.55537
8.000000,pinned,nine_pieces_per_expert,2,5529600,181,3,0.274848,0.2727,0.2793,0.26912,20.118752
8.000000,pinned,nine_pieces_per_expert,20,55296000,40,3,2.670107,2.6672,2.6885,2.665367,20.709279
8.000000,pinned,nine_pieces_per_expert,4,11059200,91,3,0.541627,0.5399,0.5599,0.536569,20.418462
8.000000,pinned,nine_pieces_per_expert,8,22118400,46,3,1.072102,1.0709,1.0873,1.067668,20.630869
